nan,0.591864,0.544448,0.651136,0.581705,0.595251,0.581705,0.574930,0.547833,0.596946,0.571543,0.593559,0.588477,0.583399,0.595251,0.581705,0.603718,0.613882,0.585090,0.591866,0.596946,0.576623,0.593559,0.590171,0.586784,0.529204,0.593559,0.644364,0.571543,0.581705,0.595251,0.542753,0.588479,0.615574,0.559687,0.615574,0.608800,0.578317,0.588479,nan,nan,nan,nan,nan,nan,nan,nan,nan
nan,0.603343,0.650595,0.527207,0.642916,0.635946,0.589435,0.587321,0.579301,0.569919,0.554218,0.645544,0.580027,0.604000,0.570302,0.588470,0.595748,0.606371,0.542549,0.601260,0.619913,0.579110,0.605755,0.577087,0.585055,0.584936,0.584893,0.576761,0.604311,0.693475,0.603720,0.576623,0.576625,0.574928,0.613882,0.585092,0.603718,0.557994,0.537673,nan,nan,nan,nan,nan,nan,nan,nan,nan
nan,0.674849,0.547833,0.547833,0.563076,0.602025,0.596946,0.568156,0.600333,0.607105,0.581705,0.556302,0.625736,0.588477,0.591866,0.566461,0.629123,0.586784,0.574930,0.556300,0.600333,0.559689,0.573236,0.615574,0.593559,0.607107,0.581702,0.605415,0.581702,0.586784,0.586784,0.571543,0.588479,0.639282,0.568156,0.588479,0.574930,0.583397,0.617267,nan,nan,nan,nan,nan,nan,nan,nan,nan
nan,0.603070,0.656210,0.521593,0.648779,0.638958,0.589616,0.587200,0.579463,0.568605,0.552791,0.648329,0.578805,0.604700,0.569385,0.588776,0.595852,0.606546,0.541127,0.601834,0.621164,0.578809,0.606236,0.576690,0.584608,0.584844,0.584974,0.576029,0.634100,0.571543,0.605413,0.557994,0.654526,0.622348,0.527510,0.566463,0.497030,0.762909,0.557994,nan,nan,nan,nan,nan,nan,nan,nan,nan
nan,0.666380,0.497030,0.629121,0.576625,0.564769,0.591864,0.598640,0.585090,0.617269,0.544446,0.634203,0.561382,0.607107,0.568156,0.595251,0.583397,0.591866,0.580010,0.566463,0.596944,0.595253,0.574930,0.615574,0.598638,0.595251,0.578317,0.596946,0.576623,0.605413,0.578317,0.618961,0.554607,0.598640,0.598638,0.602025,0.585092,nan,nan,nan,nan,nan,nan,nan,nan,nan,nan,nan
nan,0.602798,0.661824,0.515979,0.654643,0.641970,0.589798,0.587079,0.579626,0.567291,0.551363,0.651115,0.577583,0.605399,0.568468,0.589082,0.595956,0.606721,0.539704,0.602407,0.622416,0.578509,0.606717,0.576293,0.584161,0.584753,0.585055,0.575296,0.770580,0.590171,0.542753,0.603720,0.583397,0.625734,0.625736,0.478401,0.671459,0.525817,0.607107,nan,nan,nan,nan,nan,nan,nan,nan,nan
nan,0.602526,0.667438,0.510365,0.660506,0.644983,0.589979,0.586957,0.579789,0.565978,0.549935,0.653900,0.576360,0.606099,0.567551,0.589388,0.596061,0.606895,0.538281,0.602980,0.623668,0.578208,0.607198,0.575895,0.583714,0.584662,0.585136,0.574564,0.659807,0.668072,0.542755,0.625734,0.530899,0.607107,0.618961,0.596944,0.568156,0.630815,0.573238,nan,nan,nan,nan,nan,nan,nan,nan,nan
nan,0.602253,0.673052,0.504750,0.666369,0.647995,0.590160,0.586836,0.579951,0.564664,0.548508,0.656685,0.575138,0.606799,0.566634,0.589694,0.596165,0.607070,0.536859,0.603553,0.624920,0.577907,0.607678,0.575498,0.583267,0.584571,0.585216,0.573832,0.559195,0.669767,0.602025,0.603720,0.561382,0.603720,0.585092,0.612187,0.554607,0.591864,0.539366,nan,nan,nan,nan,nan,nan,nan,nan,nan
nan,0.674849,0.547833,0.547833,0.563076,0.620654,0.596946,0.566463,0.583397,0.624041,0.578317,0.542753,0.640977,0.573236,0.591866,0.566461,0.629123,0.586784,0.574930,0.556300,0.600333,0.559689,0.573236,0.615574,0.593559,0.607107,0.581702,0.605415,0.581702,0.586784,0.598640,0.559687,0.600333,0.651138,0.554607,0.593559,0.559689,0.583397,0.617267,nan,nan,nan,nan,nan,nan,nan,nan,nan
nan,0.601981,0.678666,0.499136,0.672233,0.651007,0.590342,0.586715,0.580114,0.563351,0.547080,0.659471,0.573916,0.607499,0.565717,0.590000,0.596269,0.607245,0.535436,0.604126,0.626171,0.577606,0.608159,0.575101,0.582821,0.584479,0.585297,0.573100,0.656726,0.598638,0.568156,0.632510,0.564769,0.612187,0.612187,0.546140,0.541058,0.627428,0.569851,nan,nan,nan,nan,nan,nan,nan,nan,nan
nan,0.573236,0.640977,0.625736,0.530899,0.615574,0.610492,0.605413,0.569851,0.595251,0.576625,0.585090,0.556302,0.581705,0.598638,0.576623,0.622348,0.596946,0.583397,0.578317,0.588477,0.617269,0.563074,0.598640,0.608800,0.554607,0.576623,0.625736,0.564769,0.588479,0.581702,0.608800,0.571543,0.608800,0.593559,0.564769,0.588479,0.596946,0.598638,nan,nan,nan,nan,nan,nan,nan,nan,nan
nan,0.664685,0.525819,0.690088,0.449611,0.686700,0.502109,0.552915,0.583397,0.593559,0.549527,0.673152,0.662992,0.520738,0.612187,0.574930,0.603720,0.596946,0.502109,0.690088,0.652831,0.473319,0.756134,0.434370,0.591864,0.683315,0.519043,0.497030,0.605413,0.634203,0.559689,0.637590,0.563074,0.574930,0.541061,0.591864,0.583397,0.617269,0.605413,nan,nan,nan,nan,nan,nan,nan,nan,nan
nan,0.530899,0.622348,0.576623,0.630815,0.576623,0.561382,0.608802,0.580010,0.605413,0.559689,0.585090,0.569851,0.598638,0.615574,0.598638,0.568156,0.617269,0.535979,0.624041,0.591866,0.605413,0.588477,0.568156,0.585092,0.595251,0.563076,0.622348,0.574928,0.593559,0.583399,0.593556,0.561384,0.618959,0.576625,0.588477,0.590171,0.578317,0.612187,nan,nan,nan,nan,nan,nan,nan,nan,nan
nan,0.554607,0.657915,0.557992,0.610503,0.571532,0.600327,0.563091,0.602019,0.557992,0.607118,0.578302,0.615581,0.542760,0.605404,0.588479,0.573246,0.600327,0.586786,0.580016,0.615559,0.557992,0.600348,0.588479,0.602019,0.554607,0.625736,0.559685,0.603712,0.559706,0.622329,0.585094,0.602040,0.586786,0.605404,0.580016,0.608789,0.568169,0.529198,nan,nan,nan,nan,nan,nan,nan,nan,nan
nan,0.600333,0.537673,0.610492,0.647751,0.556302,0.580010,0.593559,0.510576,0.634203,0.547835,0.613879,0.612187,0.596946,0.595251,0.547835,0.605413,0.574930,0.608800,0.610492,0.580012,0.598638,0.571543,0.578317,0.593559,0.563074,0.607107,0.580010,0.580010,0.583397,0.607107,0.586784,0.591866,0.576623,0.602025,0.593559,0.568156,0.613879,0.564771,nan,nan,nan,nan,nan,nan,nan,nan,nan
nan,0.603718,0.563076,0.574930,0.590171,0.617267,0.612187,0.566463,0.588477,0.610494,0.542753,0.644364,0.551220,0.617267,0.580012,0.580010,0.620654,0.596946,0.574930,0.578317,0.574930,0.588477,0.603720,0.607105,0.608800,0.590171,0.578317,0.591866,0.590171,0.593559,0.618959,0.596946,0.564769,0.605415,0.578315,0.590171,0.602028,0.596944,0.588479,nan,nan,nan,nan,nan,nan,nan,nan,nan
nan,0.598638,0.590171,0.561382,0.605413,0.649444,0.593559,0.525819,0.632508,0.568156,0.602028,0.585090,0.624041,0.590171,0.603720,0.569851,0.581702,0.615574,0.541061,0.586784,0.630815,0.559689,0.602025,0.605413,0.552915,0.602025,0.574930,0.593559,0.571543,0.603720,0.607105,0.620654,0.532594,0.603718,0.629123,0.574930,0.598638,0.590171,0.603720,nan,nan,nan,nan,nan,nan,nan,nan,nan
nan,nan,0.612187,0.612187,0.539366,0.576623,0.637590,0.580010,0.602028,0.552915,0.625734,0.603720,0.593559,0.588477,0.568156,0.588479,0.585092,0.634203,0.539366,0.571543,0.605413,0.610492,0.574930,0.603720,0.591864,0.568156,0.590171,0.590171,0.586784,0.608800,0.557996,0.586784,0.608800,0.569848,0.622348,0.593559,0.583397,0.591866,0.578315,nan,nan,nan,nan,nan,nan,nan,nan,nan
nan,0.573236,0.640977,0.625736,0.530899,0.615574,0.610492,0.605413,0.569851,0.595251,0.576625,0.585090,0.556302,0.581705,0.598638,0.576623,0.622348,0.596946,0.583397,0.578317,0.588477,0.617269,0.563074,0.598640,0.608800,0.554607,0.576623,0.625736,0.564769,0.588479,0.581702,0.608800,0.571543,0.608800,0.593559,0.564769,0.588479,0.596946,0.598638,nan,nan,nan,nan,nan,nan,nan,nan,nan
nan,0.603888,0.639367,0.538436,0.631189,0.629922,0.589072,0.587563,0.578976,0.572546,0.557074,0.639973,0.582472,0.602601,0.572136,0.587858,0.595540,0.606022,0.545394,0.600114,0.617409,0.579712,0.604794,0.577882,0.585948,0.585118,0.584731,0.578225,0.495622,0.580010,0.556302,0.605413,0.586784,0.603720,0.593559,0.596946,0.590171,0.608800,0.607107,nan,nan,nan,nan,nan,nan,nan,nan,nan
nan,0.598638,0.419127,0.745975,0.576623,0.429288,0.551222,0.688393,0.532594,0.615574,0.727344,0.368321,0.710411,0.549527,0.727347,0.534284,0.551222,0.691780,0.495337,0.564769,0.458078,0.634203,0.590171,0.637590,0.596944,0.637590,0.449611,0.593559,0.664685,0.583397,0.541061,0.524125,0.622348,0.618961,0.569848,0.556302,0.552915,0.578315,0.580012,nan,nan,nan,nan,nan,nan,nan,nan,nan
nan,0.603615,0.644981,0.532821,0.637052,0.632934,0.589254,0.587442,0.579138,0.571232,0.555646,0.642759,0.581249,0.603300,0.571219,0.588164,0.595644,0.606196,0.543972,0.600687,0.618661,0.579411,0.605274,0.577484,0.585502,0.585027,0.584812,0.577493,0.623635,0.618961,0.662990,0.497030,0.581705,0.625734,0.598640,0.627428,0.517350,0.639282,0.654526,nan,nan,nan,nan,nan,nan,nan,nan,nan
nan,0.647751,0.532592,0.527512,0.637590,0.622346,0.568156,0.776457,0.476706,0.566463,0.642669,0.500417,0.600331,0.490255,0.617269,0.673152,0.544448,0.617267,0.557994,0.659605,0.497030,0.566461,0.652833,0.690088,0.464852,0.617267,0.556302,0.661298,0.615574,0.539366,0.574930,0.613882,0.568156,0.517350,0.635895,0.580010,0.624043,0.622346,0.563076,nan,nan,nan,nan,nan,nan,nan,nan,nan
nan,0.613882,0.571543,0.803553,0.420821,0.762909,0.552915,0.507189,0.591866,0.698555,0.512271,0.651138,0.486866,0.764603,0.361549,0.700249,0.561382,0.610492,0.598640,0.671459,0.503802,0.598640,0.598638,0.603720,0.571543,0.635895,0.503802,0.574930,0.593559,0.593559,0.546140,0.646057,0.673154,0.497030,0.581702,0.596946,0.590171,0.580010,0.498722,nan,nan,nan,nan,nan,nan,nan,nan,nan
nan,0.539366,0.596946,0.539366,0.798473,0.349693,0.822181,0.525819,0.537671,0.647751,0.640977,0.497030,0.593559,0.568156,0.539366,0.624041,0.712103,0.530899,0.503802,0.664687,0.583397,0.586784,0.478401,0.657911,0.662992,0.495335,0.541061,0.618959,0.591866,0.468240,0.622346,0.569851,0.603720,0.542753,0.634203,0.686700,0.187117,nan,nan,nan,nan,nan,nan,nan,nan,nan,nan,nan
nan,0.601709,0.684281,0.493522,0.678096,0.654019,0.590523,0.586594,0.580277,0.562037,0.545652,0.662256,0.572694,0.608198,0.564800,0.590306,0.596373,0.607419,0.534014,0.604700,0.627423,0.577305,0.608640,0.574703,0.582374,0.584388,0.585378,0.572368,0.605225,0.647751,0.481786,0.578317,0.629123,0.574930,0.603718,0.593559,0.639284,0.578315,0.546140,nan,nan,nan,nan,nan,nan,nan,nan,nan
0.515658,0.596944,0.573238,0.542753,0.651138,0.652831,0.551220,0.544446,0.654526,0.502109,0.754442,0.539366,0.502109,0.610494,0.634203,0.559687,0.581705,0.566461,0.625736,0.580010,0.581705,0.595251,0.595253,0.640977,0.615574,0.583397,0.512271,0.671459,0.500415,0.634203,0.690088,0.461465,0.608800,0.569851,0.612187,0.529204,0.610494,0.576623,0.580010,0.552915,0.632510,nan,nan,nan,nan,nan,nan,nan
0.691782,0.461465,0.657911,0.602025,0.581705,0.534286,0.605413,0.613879,0.520738,0.652831,0.500417,0.586784,0.627428,0.541061,0.576623,0.690088,0.586784,0.571543,0.585092,0.574930,0.568156,0.591864,0.603720,0.637590,0.539366,0.639282,0.542755,0.581702,0.629123,0.576623,0.685008,0.544448,0.595251,0.564769,0.629123,0.581702,0.566463,0.649444,0.466545,0.596946,0.642669,nan,nan,nan,nan,nan,nan,nan
0.651028,0.534386,0.632433,0.558053,0.556362,0.754146,0.432958,0.725408,0.329840,0.725408,0.684837,0.502267,0.453244,0.754146,0.497196,0.585100,0.654409,0.661171,0.399149,0.625671,0.574957,0.515791,0.559743,0.674695,0.654409,0.541148,0.593552,0.645957,0.544529,0.591862,0.630743,0.571576,0.566505,0.588481,0.571576,0.591862,0.615528,0.532696,0.657790,0.566505,0.552981,nan,nan,nan,nan,nan,nan,nan
0.414047,0.662992,0.585092,0.591864,0.713798,0.573236,0.569851,0.519043,0.602025,0.356469,0.766296,0.725652,0.495335,0.539366,0.676541,0.459771,0.759521,0.468240,0.542753,0.613879,0.673154,0.596946,0.451304,0.734119,0.571543,0.529207,0.647749,0.613882,0.481786,0.629123,0.605413,0.576623,0.574930,0.588479,0.610492,0.627428,0.620656,0.539366,0.552915,0.549527,0.563074,nan,nan,nan,nan,nan,nan,nan
0.578315,0.625736,0.640977,0.595251,0.508884,0.542753,0.588479,0.647749,0.563076,0.525817,0.632510,0.557994,0.656218,0.564769,0.598640,0.656218,0.524125,0.602025,0.519043,0.617269,0.600333,0.693475,0.530899,0.556300,0.583399,0.632508,0.574930,0.564769,0.691782,0.512269,0.600333,0.605413,0.612187,0.578317,0.622348,0.586784,0.561382,0.588479,0.586784,0.600333,0.580010,nan,nan,nan,nan,nan,nan,nan
0.642669,0.664685,0.537673,0.617269,0.527510,0.578317,0.595253,0.574928,0.522432,0.581705,0.669765,0.607107,0.503802,0.541061,0.629123,0.549527,0.603718,0.715490,0.510578,0.630815,0.519043,0.629123,0.605413,0.559689,0.613879,0.627430,0.576623,0.569848,0.546140,0.564769,0.583397,0.625736,0.668072,0.541061,0.673154,0.535979,0.634203,0.525817,0.595253,0.602025,0.573236,nan,nan,nan,nan,nan,nan,nan
0.668072,0.695169,0.617269,0.419127,0.691782,0.527510,0.576625,0.607105,0.625736,0.615574,0.493642,0.644364,0.598638,0.507189,0.646057,0.546140,0.629123,0.664685,0.497030,0.539366,0.666380,0.595251,0.483481,0.649444,0.627428,0.578317,0.561382,0.635897,0.583397,0.642669,0.612187,0.488563,0.739198,0.527512,0.525819,0.657911,0.532592,0.595253,0.590171,0.537671,0.600333,nan,nan,nan,nan,nan,nan,nan
0.654523,0.591866,0.612187,0.580010,0.486868,0.627428,0.602025,0.485175,0.701942,0.491948,0.610494,0.861132,0.393724,0.602028,0.532592,0.585090,0.593559,0.529207,0.580010,0.617267,0.581705,0.629123,0.568156,0.622346,0.510578,0.613879,0.686703,0.524123,0.618961,0.618961,0.502109,0.713798,0.542753,0.603720,0.546140,0.679926,0.542753,0.679928,0.473319,0.591864,0.634203,nan,nan,nan,nan,nan,nan,nan
0.598638,0.624041,0.551222,0.557994,0.607107,0.608800,0.500415,0.593559,0.585092,0.607105,0.662992,0.532592,0.546140,0.632510,0.646057,0.580010,0.537673,0.580010,0.644364,0.607107,0.557994,0.618961,0.574930,0.581702,0.710411,0.476706,0.661300,0.554607,0.547833,0.602028,0.646057,0.613879,0.578317,0.612187,0.544448,0.580010,0.569848,0.627428,0.549527,0.339534,0.590171,nan,nan,nan,nan,nan,nan,nan
0.463387,0.789646,0.431268,0.676385,0.485363,0.505648,0.586790,0.669623,0.558053,0.552981,0.762599,0.448173,0.671314,0.492125,0.629052,0.554672,0.732170,0.612147,0.471839,0.625671,0.574957,0.490434,0.617219,0.607076,0.563124,0.642576,0.454934,0.669623,0.590171,0.583410,0.617219,0.590171,0.542838,0.492125,0.602005,0.612147,0.588481,0.546219,0.576648,0.563124,0.586790,nan,nan,nan,nan,nan,nan,nan
0.596946,0.529204,0.627428,0.793393,0.410660,0.671459,0.537671,0.618961,0.471627,0.588477,0.652833,0.639282,0.532592,0.442837,0.835730,0.642669,0.444532,0.652831,0.634203,0.447917,0.744280,0.664685,0.569851,0.451304,0.713798,0.422514,0.610492,0.551222,0.571543,0.596946,0.613879,0.546140,0.498722,0.683313,0.537673,0.610494,0.544446,0.652831,0.549527,0.600333,0.632510,nan,nan,nan,nan,nan,nan,nan
0.685008,0.412352,0.635897,0.549527,0.634203,0.644362,0.563076,0.566463,0.527510,0.647751,0.554607,0.642672,0.761214,0.292115,0.830650,0.480094,0.549527,0.705329,0.769683,0.454691,0.546140,0.596946,0.557994,0.585092,0.618961,0.517350,0.639282,0.542753,0.603720,0.513963,0.605413,0.679928,0.542753,0.580010,0.591864,0.637590,0.564769,0.605415,0.495335,0.520738,0.786617,nan,nan,nan,nan,nan,nan,nan
nan,nan,nan,0.559743,0.678075,0.539458,0.629052,0.547910,0.623981,0.607076,0.630743,0.485363,0.552981,0.671314,0.546219,0.676385,0.495506,0.574957,0.598624,0.588481,0.581719,0.598624,0.651028,0.585100,0.571576,0.635814,0.600314,0.580029,0.576648,0.578338,0.684837,0.541148,0.537767,0.640885,0.556362,0.674695,0.519172,0.622290,0.591862,0.558053,0.561434,nan,nan,nan,nan,nan,nan,nan
0.681621,0.495335,0.639284,0.585090,0.397113,1.000000,0.393724,0.488561,0.486868,0.664685,0.532594,0.591864,0.556302,0.629123,0.603718,0.627428,0.532594,0.544446,0.685008,0.515658,0.557994,0.566463,0.566461,0.617267,0.602028,0.576623,0.722265,0.583397,0.586784,0.632510,0.442837,0.598638,0.620654,0.596946,0.583397,0.646057,0.568156,0.620656,0.549527,0.649444,0.537673,nan,nan,nan,nan,nan,nan,nan
0.464852,0.478401,0.837422,0.669767,0.378483,0.618961,0.464852,0.649444,0.679926,0.471627,0.583397,0.639284,0.756134,0.361549,0.588477,0.593559,0.647751,0.569848,0.583397,0.556302,0.512271,0.652831,0.481786,0.581705,0.723959,0.497027,0.613882,0.568156,0.564769,0.646057,0.544446,0.622348,0.563076,0.578317,0.561382,0.662992,0.593559,0.590171,0.551220,0.527512,0.624041,nan,nan,nan,nan,nan,nan,nan
0.460006,0.612147,0.637504,0.602005,0.613838,0.598624,0.551291,0.623981,0.563124,0.617219,0.503958,0.679766,0.529315,0.525934,0.595243,0.546219,0.613838,0.652719,0.480291,0.623981,0.634123,0.593552,0.536077,0.671314,0.537767,0.574957,0.735551,0.515791,0.598624,0.595243,0.573267,0.644266,0.500577,0.571576,0.603695,0.576648,0.598624,0.613838,0.549600,0.595243,0.544529,nan,nan,nan,nan,nan,nan,nan
nan,nan,0.573267,0.603695,0.603695,0.527624,0.612147,0.612147,0.552981,0.580029,0.605386,0.607076,0.605386,0.586790,0.639195,0.556362,0.559743,0.620600,0.509029,0.583410,0.623981,0.659480,0.593552,0.512410,0.644266,0.634123,0.551291,0.596933,0.612147,0.571576,0.603695,0.564814,0.547910,0.600314,0.649338,0.503958,0.625671,0.578338,0.603695,0.591862,0.569886,nan,nan,nan,nan,nan,nan,nan
0.637240,0.507802,0.593533,0.637240,0.573361,0.596895,0.539741,0.692713,0.543103,0.546465,0.573361,0.655731,0.480906,0.680946,0.527974,0.643964,0.615386,0.543103,0.576723,0.601938,0.677584,0.554870,0.635559,0.615386,0.511164,0.617067,0.591852,0.630516,0.640602,0.580085,0.571680,0.580085,0.627154,0.575042,0.558232,0.569999,0.595214,0.553189,0.556551,0.595214,0.554870,nan,nan,nan,nan,nan,nan,nan
0.541422,0.598576,0.632197,0.588490,0.630516,0.612024,0.479225,0.620430,0.586809,0.586809,0.662455,0.563275,0.521250,0.650688,0.546465,0.569999,0.696075,0.539741,0.573361,0.605300,0.649007,0.707842,0.501078,0.596895,0.554870,0.618749,0.549827,0.564956,0.685989,0.511164,0.613705,0.581766,0.623792,0.549827,0.553189,0.586809,0.630516,0.531336,0.615386,0.655731,0.533017,nan,nan,nan,nan,nan,nan,nan
0.637240,0.586809,0.596895,0.522931,0.652369,0.494354,0.640602,0.706161,0.533017,0.608662,0.706161,0.524612,0.475863,0.605300,0.670860,0.519569,0.549827,0.638921,0.615386,0.603619,0.593533,0.524612,0.576723,0.578404,0.659093,0.564956,0.659093,0.600257,0.623792,0.544784,0.590171,0.559913,0.598576,0.527974,0.630516,0.596895,0.575042,0.527974,0.664136,0.553189,0.590171,nan,nan,nan,nan,nan,nan,nan
0.499397,0.522931,0.628835,0.571680,0.593533,0.652369,0.612024,0.583447,0.603619,0.643964,0.511164,0.596895,0.618749,0.585128,0.659093,0.749867,0.438881,0.517888,0.674222,0.519569,0.685989,0.529655,0.670860,0.506121,0.739781,0.467458,0.642283,0.526293,0.564956,0.643964,0.538060,0.517888,0.643964,0.586809,0.566637,0.576723,0.588490,0.606981,0.482587,0.647326,0.627154,nan,nan,nan,nan,nan,nan,nan
0.640602,0.507802,0.659093,0.539741,0.598576,0.654050,0.684308,0.588490,0.559913,0.490992,0.674222,0.553189,0.522931,0.559913,0.595214,0.553189,0.632197,0.716247,0.534698,0.573361,0.583447,0.551508,0.569999,0.615386,0.650688,0.601938,0.670860,0.581766,0.480906,0.588490,0.546465,0.606981,0.548146,0.601938,0.655731,0.507802,0.642283,0.517888,0.694394,0.526293,0.610343,nan,nan,nan,nan,nan,nan,nan
0.583397,0.578317,0.610492,0.568156,0.580012,0.591864,0.624041,0.561382,0.595253,0.564769,0.639282,0.583397,0.559689,0.586784,0.602025,0.583399,0.581702,0.602025,0.585092,0.590171,0.559689,0.615574,0.591864,0.591866,0.580010,0.612187,0.581705,0.549525,0.593559,0.610494,0.615574,0.583397,0.603720,0.593559,0.580010,0.564769,0.605413,0.605413,0.578317,0.564769,0.620654,nan,nan,nan,nan,nan,nan,nan
0.585092,0.569848,0.618961,0.585090,0.600333,0.588479,0.542753,0.676539,0.563076,0.566463,0.591864,0.541061,0.634203,0.598638,0.569848,0.571543,0.588479,0.564769,0.639282,0.634203,0.566463,0.552915,0.613879,0.564769,0.605413,0.591866,0.618961,0.573236,0.590171,0.581705,0.612187,0.561382,0.576623,0.605413,0.600333,0.607107,0.571543,0.608800,0.576623,0.588479,0.571543,nan,nan,nan,nan,nan,nan,nan
0.595251,0.551220,0.652831,0.547835,0.569848,0.613882,0.596946,0.557994,0.586784,0.605413,0.583397,0.581705,0.586784,0.578317,0.610492,0.576625,0.612187,0.566461,0.603720,0.573236,0.590171,0.569851,0.551220,0.596946,0.629123,0.549527,0.593556,0.596946,0.607107,0.574930,0.580010,0.662992,0.568156,0.603720,0.583397,0.596946,0.588477,0.585092,0.578315,0.578317,0.561382,nan,nan,nan,nan,nan,nan,nan
0.574930,0.637590,0.551220,0.581705,0.603720,0.620654,0.578317,0.569848,0.635897,0.535979,0.596946,0.596946,0.603718,0.563076,0.602025,0.618961,0.556302,0.591864,0.608800,0.554609,0.640977,0.559687,0.583397,0.593559,0.563076,0.657911,0.564771,0.588477,0.580010,0.598640,0.568156,0.583397,0.593559,0.583397,0.593559,0.593559,0.593559,0.590171,0.586784,0.576623,0.613879,nan,nan,nan,nan,nan,nan,nan
0.610492,0.564769,0.622348,0.546140,0.602025,0.615574,0.578317,0.561382,0.573238,0.595251,0.588479,0.603718,0.612187,0.600333,0.569848,0.586786,0.595251,0.607107,0.600331,0.581705,0.612187,0.564769,0.612187,0.571543,0.590171,0.593559,0.591864,0.608800,0.588479,0.574930,0.574930,0.602025,0.580010,0.590171,0.585092,0.596946,0.564769,0.595251,0.564769,0.563076,0.627428,nan,nan,nan,nan,nan,nan,nan
nan,0.588479,0.571541,0.554609,0.634203,0.613879,0.583397,0.573238,0.610492,0.569851,0.610492,0.605413,0.557996,0.585090,0.580012,0.590171,0.573236,0.583397,0.629123,0.596946,0.566461,0.596946,0.625736,0.593559,0.598638,0.583397,0.571543,0.605413,0.581705,0.581702,0.617269,0.581705,0.593556,0.595253,0.581705,0.612187,0.596944,0.602028,0.578315,0.610494,0.552915,nan,nan,nan,nan,nan,nan,nan
0.632510,0.590171,0.554607,0.595251,0.568156,0.610494,0.613879,0.620656,0.613879,0.563076,0.595251,0.546140,0.568156,0.598638,0.610494,0.612187,0.605413,0.568156,0.588479,0.635895,0.576623,0.598640,0.554607,0.588477,0.586786,0.581702,0.617269,0.588477,0.607107,0.557994,0.630815,0.573236,0.581705,0.585092,0.573236,0.564769,0.624041,0.585092,0.595251,0.583399,0.564769,nan,nan,nan,nan,nan,nan,nan
0.603720,0.568156,0.615574,0.581702,0.564769,0.585092,0.573236,0.603720,0.634203,0.618961,0.578317,0.534286,0.595251,0.598638,0.595253,0.546140,0.571543,0.634203,0.559687,0.642672,0.585090,0.564769,0.561382,0.602028,0.610492,0.595253,0.591864,0.590171,0.586784,0.615574,0.580010,0.557994,0.573238,0.627428,0.588479,0.603718,0.576625,0.610492,0.578317,0.585090,0.591866,nan,nan,nan,nan,nan,nan,nan
0.573236,0.568156,0.620656,0.564769,0.615574,0.559687,0.652831,0.563076,0.569848,0.596946,0.630815,0.583399,0.607105,0.561382,0.605413,0.583399,0.573236,0.557994,0.635897,0.573236,0.576623,0.569851,0.637590,0.581702,0.568156,0.585092,0.583397,0.590171,0.574930,0.595251,0.580012,0.591864,0.596946,0.610492,0.563076,0.588479,0.598638,0.600333,0.580010,0.571543,0.578317,nan,nan,nan,nan,nan,nan,nan
0.596944,0.605415,0.591864,0.581705,0.618961,0.556300,0.578317,0.607107,0.591864,0.571543,0.627428,0.613882,0.590171,0.590171,0.591864,0.564769,0.607107,0.574930,0.585090,0.574930,0.588479,0.602025,0.578317,0.596946,0.566461,0.620654,0.586786,0.593556,0.563076,0.591866,0.578315,0.586784,0.610494,0.566461,0.600333,0.585092,0.607105,0.568156,0.593559,0.573238,0.593559,nan,nan,nan,nan,nan,nan,nan
0.443458,0.751710,0.555550,0.535775,0.631392,0.629742,0.468182,0.667641,0.624793,0.520928,0.664364,0.567098,0.629721,0.517650,0.570375,0.624793,0.555550,0.605018,0.604997,0.590171,0.585222,0.507752,0.674240,0.590171,0.596770,0.605018,0.595120,0.573675,0.565448,0.595120,0.633020,0.656115,0.492905,0.583594,0.555550,0.614895,0.576974,0.596770,0.614895,0.603369,0.565448,0.590171,0.572025,0.609967,0.552251,0.553900,0.661064,0.573675
0.736891,0.507746,0.539066,0.451696,0.679191,0.633033,0.534121,0.529177,0.605008,0.511043,0.703919,0.634682,0.581927,0.512691,0.553904,0.581930,0.666003,0.484668,0.624789,0.666005,0.501152,0.580280,0.572038,0.499502,0.616547,0.595118,0.583577,0.614899,0.675894,0.479721,0.649519,0.590171,0.537419,0.621494,0.611602,0.514338,0.652816,0.633033,0.484666,0.656113,0.537419,0.562146,0.567093,0.647869,0.581930,0.560497,0.555552,0.591821
0.657765,0.487956,0.565448,0.636341,0.568726,0.616566,0.611596,0.466532,0.593471,0.769857,0.560499,0.560499,0.511030,0.636341,0.575324,0.529177,0.636341,0.547302,0.601719,0.593471,0.624793,0.581923,0.603369,0.525877,0.552251,0.641268,0.629742,0.514330,0.637990,0.581923,0.608296,0.603369,0.639619,0.557221,0.611596,0.590171,0.621494,0.670941,0.641290,0.517629,0.507752,0.656094,0.572047,0.633041,0.491256,0.600069,0.542353,0.578624
0.728636,0.572047,0.639619,0.567098,0.433560,0.670962,0.586872,0.642918,0.583573,0.637990,0.509381,0.669313,0.463233,0.669291,0.492905,0.618216,0.694015,0.553900,0.652816,0.567098,0.497854,0.595120,0.631392,0.504432,0.581945,0.618194,0.703913,0.515979,0.544024,0.647867,0.548951,0.581945,0.662692,0.570397,0.664364,0.581923,0.572025,0.552272,0.619844,0.618194,0.581923,0.542374,0.633020,0.621494,0.562149,0.568747,0.614895,0.565448
0.547302,0.583573,0.529177,0.611617,0.581923,0.621494,0.522578,0.654466,0.572047,0.540703,0.684138,0.593471,0.598420,0.534126,0.646217,0.604997,0.487978,0.629721,0.550622,0.652816,0.576974,0.621494,0.583573,0.581923,0.575346,0.621494,0.573675,0.614916,0.581923,0.553900,0.606668,0.604997,0.596770,0.680839,0.552251,0.557200,0.585222,0.656115,0.519300,0.669291,0.504453,0.642918,0.616545,0.590171,0.585222,0.514351,0.651166,0.553900
0.700635,0.685788,0.422013,0.552251,0.639640,0.565448,0.578624,0.667641,0.611617,0.522578,0.692386,0.382442,0.738556,0.591800,0.608318,0.593471,0.585222,0.539075,0.779733,0.506103,0.440159,0.755031,0.478058,0.562149,0.585222,0.595120,0.637990,0.575324,0.600069,0.604997,0.532476,0.586872,0.674262,0.578624,0.527527,0.464882,0.636341,0.600048,0.601719,0.692386,0.514330,0.652816,0.590171,0.529177,0.583573,0.644568,0.596770,0.616545
0.591821,0.445108,0.629742,0.636319,0.530826,0.703934,0.527527,0.544002,0.656115,0.504453,0.705562,0.623143,0.594970,0.624943,0.745133,0.476409,0.540724,0.619844,0.580273,0.567098,0.525877,0.580273,0.629742,0.573696,0.641268,0.453335,0.689087,0.570397,0.535775,0.637969,0.524228,0.694036,0.496205,0.532476,0.580273,0.578624,0.606668,0.591821,0.595120,0.626443,0.580273,0.619844,0.535775,0.611596,0.522578,0.652816,0.595120,0.527527
0.672590,0.573696,0.629721,0.560499,0.552272,0.578624,0.675890,0.540724,0.553900,0.588522,0.593471,0.616545,0.601719,0.540703,0.565448,0.557200,0.621494,0.548951,0.601719,0.741834,0.558849,0.534126,0.552251,0.593471,0.621494,0.598420,0.555550,0.633041,0.578624,0.588522,0.537425,0.634670,0.669313,0.535754,0.575346,0.560499,0.623143,0.616545,0.585222,0.560499,0.616545,0.563798,0.590171,0.595120,0.534126,0.618194,0.595120,0.588522
0.839098,0.433562,0.603360,0.690730,0.352784,0.593469,0.695795,0.444984,0.753375,0.575335,0.603360,0.670947,0.532474,0.471479,0.606655,0.755025,0.369268,0.588524,0.494557,0.654463,0.647869,0.507746,0.614899,0.646222,0.619844,0.591821,0.586874,0.514338,0.542365,0.634680,0.628088,0.534121,0.646222,0.539068,0.565444,0.572038,0.583577,0.585225,0.608305,0.596766,0.590171,0.553904,0.560499,0.576983,0.614899,0.568741,0.621494,0.679191
0.456641,0.422023,0.308273,0.797886,0.614899,0.328054,0.507746,0.781400,0.405537,0.539068,0.623141,0.529177,0.656111,0.677544,0.484666,0.520935,0.661058,0.623141,0.679191,0.585227,0.555552,0.656113,0.572036,0.380809,0.656113,0.542363,0.558851,0.595116,0.603360,0.575333,0.562149,0.624789,0.580282,0.583577,0.601711,0.557202,0.600061,0.567093,0.586874,0.614899,0.593469,0.601711,0.583577,0.567093,0.568741,0.588522,0.596766,0.593469
0.483018,0.659410,0.606655,0.390701,0.611602,0.652816,0.621494,0.489610,0.590171,0.496207,0.647869,0.659410,0.547308,0.534123,0.751725,0.555552,0.573688,0.596766,0.664355,0.484666,0.651166,0.492910,0.618194,0.585227,0.568741,0.694028,0.545663,0.520933,0.600063,0.606657,0.478071,0.613252,0.623141,0.535769,0.603360,0.573688,0.649517,0.576985,0.606655,0.519285,0.631385,0.669300,0.476424,0.636330,0.591821,0.550605,0.555554,0.603358
0.725350,0.372565,0.537419,0.698974,0.431913,0.509396,0.563794,0.616549,0.690730,0.515988,0.501152,0.903390,0.459940,0.469829,0.642922,0.608307,0.578630,0.595118,0.637977,0.666005,0.527527,0.601711,0.520935,0.539066,0.614899,0.637980,0.601711,0.511043,0.666003,0.511043,0.661058,0.527527,0.669300,0.492910,0.596766,0.562146,0.713811,0.453343,0.685786,0.512691,0.669302,0.450046,0.639627,0.591819,0.637980,0.595116,0.583577,0.614899
0.474776,0.522582,0.539066,0.478073,0.832503,0.393998,0.534121,0.593469,0.413779,0.672597,0.484666,0.844044,0.532474,0.407185,0.530824,0.725350,0.504449,0.667652,0.545663,0.440155,0.789644,0.654463,0.560497,0.453346,0.731944,0.583577,0.609952,0.489612,0.507746,0.487963,0.666003,0.657761,0.507746,0.527527,0.667652,0.507746,0.595116,0.626441,0.595116,0.700622,0.491260,0.661058,0.534121,0.601713,0.568741,0.570388,0.641275,0.446751
0.629738,0.674244,0.717108,0.471479,0.609952,0.542365,0.542363,0.712163,0.326407,0.731944,0.281898,0.644572,0.776455,0.534121,0.425320,0.519285,0.684136,0.425320,0.664355,0.603358,0.598415,0.517635,0.600063,0.619844,0.728647,0.496207,0.459938,0.715458,0.629738,0.548958,0.619844,0.575335,0.578632,0.532474,0.662705,0.596766,0.540716,0.634682,0.603358,0.547310,0.666005,0.529174,0.600063,0.506096,0.595118,0.628088,0.670947,0.520935
0.809425,0.524230,0.720405,0.469829,0.530824,0.520935,0.522580,0.600063,0.875367,0.565444,0.529177,0.540716,0.631383,0.567093,0.596766,0.733592,0.402240,0.654463,0.576985,0.642922,0.581930,0.517638,0.598413,0.605008,0.458290,0.534121,0.641275,0.641277,0.613250,0.542365,0.600063,0.583577,0.537419,0.603360,0.647869,0.545660,0.585227,0.647869,0.544013,0.596766,0.534121,0.634682,0.642924,0.614899,0.514338,0.555554,0.651166,0.539066
0.593469,0.466532,0.417076,0.692380,0.459938,0.605008,0.845692,0.430265,0.535771,0.558849,0.685786,0.509393,0.664355,0.509393,0.628088,0.618196,0.347838,0.761619,0.608305,0.515988,0.730297,0.576983,0.605008,0.555552,0.502801,0.497854,0.633033,0.636330,0.580280,0.542363,0.624791,0.532474,0.598413,0.684138,0.560497,0.532474,0.563796,0.563794,0.568741,0.618196,0.558849,0.619846,0.593469,0.646219,0.517638,0.626438,0.591821,0.674244
0.451694,0.542365,0.837450,0.700622,0.247279,0.694028,0.507746,0.550607,0.544013,0.562146,0.684138,0.436857,0.624791,0.769861,0.370918,0.939659,0.362674,0.623143,0.375863,0.629736,0.558849,0.560499,0.644572,0.520935,0.596766,0.662705,0.606657,0.605008,0.593469,0.502799,0.499504,0.680839,0.629736,0.544013,0.659410,0.565444,0.469829,0.685786,0.596766,0.626438,0.609955,0.573685,0.590171,0.575335,0.621494,0.570388,0.656113,0.590171
0.525877,0.590171,0.647867,0.552251,0.642939,0.613245,0.550601,0.567098,0.628092,0.548951,0.570397,0.555550,0.644568,0.527527,0.623143,0.633020,0.545673,0.557200,0.588522,0.657765,0.581923,0.534126,0.595120,0.661043,0.578645,0.606647,0.570397,0.603369,0.593449,0.573696,0.583573,0.586872,0.583594,0.586872,0.560499,0.590171,0.611596,0.595120,0.634670,0.578645,0.558849,0.604997,0.624793,0.616545,0.570397,0.621494,0.578624,0.520928
0.458290,0.717106,0.652816,0.494557,0.517638,0.558849,0.527527,0.613252,0.567091,0.692380,0.593469,0.619844,0.458290,0.723702,0.487963,0.542363,0.588524,0.600063,0.563794,0.586874,0.690733,0.596766,0.555552,0.654463,0.600063,0.578630,0.572038,0.575335,0.572038,0.578632,0.575335,0.636330,0.667652,0.532472,0.644574,0.491260,0.637977,0.596766,0.634682,0.603358,0.621494,0.438507,0.703919,0.560499,0.567093,0.565444,0.560497,0.605008
0.670949,0.586874,0.705567,0.445101,0.548960,0.565444,0.677542,0.614899,0.517638,0.672597,0.481368,0.611602,0.611604,0.710514,0.689081,0.300031,0.710514,0.539068,0.715458,0.509396,0.557200,0.608305,0.586874,0.483018,0.644574,0.555552,0.725350,0.398943,0.713811,0.619844,0.555554,0.703919,0.454991,0.651168,0.606655,0.507746,0.585227,0.600061,0.555554,0.605008,0.608305,0.623141,0.499504,0.575333,0.603360,0.636330,0.511043,0.684136
0.558849,0.605008,0.633033,0.539068,0.600063,0.530824,0.530824,0.657761,0.646222,0.522582,0.591819,0.570390,0.548958,0.674247,0.563796,0.628086,0.542365,0.501152,0.560497,0.633033,0.666005,0.509393,0.641275,0.517638,0.590171,0.657761,0.519285,0.628088,0.570388,0.568741,0.605008,0.613252,0.568741,0.613250,0.598413,0.583579,0.647869,0.628088,0.525877,0.656113,0.613252,0.609952,0.558849,0.535771,0.637980,0.511041,0.603360,0.591819
nan,nan,nan,nan,nan,nan,nan,nan,0.616549,0.618196,0.530824,0.647869,0.535771,0.614899,0.478071,0.654463,0.576985,0.578630,0.641277,0.585225,0.585227,0.605008,0.553904,0.568741,0.687433,0.568741,0.601711,0.534123,0.626438,0.651166,0.534121,0.605008,0.539068,0.614899,0.633033,0.629736,0.639627,0.520935,0.675894,0.563796,0.578630,0.606657,0.595116,0.532474,0.583577,0.581930,0.558849,0.639627
0.550607,0.628088,0.613250,0.636330,0.509393,0.621494,0.487963,0.567093,0.570388,0.715460,0.588522,0.580280,0.651168,0.522580,0.601713,0.633033,0.588522,0.511043,0.501152,0.689083,0.590171,0.578632,0.567091,0.633033,0.547310,0.606657,0.606655,0.685786,0.514340,0.633033,0.563796,0.547308,0.601713,0.690730,0.532474,0.601711,0.626438,0.557202,0.560499,0.619844,0.609955,0.553902,0.628088,0.575335,0.583577,0.583577,0.591821,0.520933
0.445101,0.641277,0.492908,0.667652,0.570390,0.451694,0.651168,0.581927,0.633033,0.519285,0.580282,0.641275,0.548958,0.609955,0.613250,0.580282,0.575333,0.573688,0.596766,0.637977,0.567093,0.555552,0.608305,0.483018,0.662705,0.600063,0.606657,0.590171,0.573685,0.628088,0.591819,0.634682,0.572038,0.664355,0.570388,0.557202,0.598413,0.588524,0.619844,0.613252,0.535769,0.657761,0.558849,0.522582,0.692380,0.481368,0.618196,0.616549
0.675894,0.550607,0.651166,0.426968,0.756672,0.575335,0.440155,0.740188,0.487963,0.667652,0.525877,0.679193,0.478071,0.710514,0.629736,0.398943,0.807777,0.423671,0.621492,0.450048,0.705567,0.527529,0.567091,0.614899,0.525879,0.690730,0.606657,0.544013,0.605008,0.591821,0.619844,0.606657,0.514338,0.637980,0.573685,0.626438,0.591821,0.558849,0.659410,0.639627,0.662705,0.464885,0.644572,0.552255,0.608305,0.601713,0.573685,0.606657
0.692365,0.492905,0.596770,0.445108,0.682488,0.542353,0.585244,0.540703,0.664364,0.545652,0.578645,0.623143,0.687416,0.486328,0.578624,0.555550,0.618194,0.573696,0.603347,0.727008,0.492905,0.580295,0.464882,0.733585,0.486307,0.646217,0.619865,0.512680,0.544024,0.595099,0.649517,0.601719,0.557200,0.710511,0.524228,0.560499,0.672612,0.504432,0.647888,0.511030,0.527527,0.639640,0.537404,0.644589,0.537404,0.603369,0.613245,0.623143
0.603360,0.616549,0.433560,0.616549,0.606655,0.690733,0.483018,0.456641,0.768211,0.540716,0.486315,0.618196,0.726997,0.666005,0.595116,0.351137,0.639627,0.562146,0.591819,0.611602,0.486315,0.680839,0.532474,0.694030,0.548958,0.703919,0.514340,0.677542,0.519285,0.735241,0.483018,0.644572,0.456643,0.537419,0.586874,0.585225,0.511043,0.669300,0.570390,0.502799,0.662707,0.651166,0.519285,0.565444,0.642924,0.534121,0.588522,0.502801
0.684138,0.484666,0.700622,0.413779,0.725350,0.487965,0.713809,0.466534,0.672597,0.748430,0.422021,0.550607,0.723702,0.524230,0.697325,0.456641,0.520935,0.675894,0.572038,0.586874,0.588524,0.649517,0.525879,0.509393,0.666005,0.633033,0.567091,0.552257,0.712161,0.535771,0.644572,0.515988,0.689083,0.461587,0.601711,0.646222,0.539066,0.562149,0.600061,0.588524,0.664355,0.572038,0.600063,0.540716,0.575333,0.647871,0.583577,0.575335
0.598415,0.509393,0.647869,0.684138,0.425318,0.689083,0.417076,0.659410,0.636330,0.501149,0.672599,0.722053,0.413779,0.712163,0.672597,0.484666,0.662707,0.529174,0.697327,0.496205,0.624791,0.618196,0.520933,0.703919,0.642924,0.496207,0.499502,0.583577,0.534121,0.619846,0.618196,0.504449,0.692378,0.548960,0.652814,0.448399,0.614899,0.560499,0.586874,0.596766,0.608305,0.641277,0.570388,0.646222,0.502799,0.666005,0.588522,0.583577
0.537419,0.684136,0.535771,0.558849,0.575335,0.514338,0.542365,0.675894,0.694028,0.489612,0.750078,0.479721,0.613252,0.670947,0.529177,0.504449,0.702272,0.548958,0.832503,0.527529,0.456641,0.644572,0.486315,0.601711,0.651166,0.637980,0.484666,0.609955,0.598413,0.626438,0.537419,0.613252,0.570388,0.637980,0.583577,0.628088,0.522582,0.585225,0.585227,0.591819,0.588524,0.529177,0.662705,0.507746,0.555552,0.680841,0.575333,0.545663
0.494557,0.609955,0.519285,0.580280,0.717108,0.466532,0.553904,0.791289,0.382459,0.702269,0.616549,0.692380,0.517635,0.581930,0.614899,0.751727,0.364323,0.685786,0.593469,0.568741,0.621492,0.479721,0.702272,0.512691,0.519285,0.636330,0.590171,0.633033,0.600063,0.552255,0.680841,0.583577,0.590171,0.606657,0.576983,0.563794,0.633035,0.624789,0.517638,0.646222,0.567091,0.517638,0.644572,0.563796,0.644572,0.588524,0.623141,0.000000
0.581930,0.555552,0.637977,0.545663,0.639627,0.562146,0.664355,0.496205,0.631385,0.613250,0.600063,0.623141,0.522582,0.614899,0.583577,0.567093,0.611602,0.657761,0.532474,0.558849,0.548958,0.560499,0.695677,0.666003,0.605008,0.532474,0.573685,0.654466,0.562146,0.591819,0.585227,0.611602,0.595116,0.598415,0.542363,0.583577,0.608305,0.591821,0.586874,0.608305,0.552255,0.637980,0.593469,0.553902,0.583579,0.588522,0.608305,0.586874
0.570388,0.560499,0.661058,0.476422,0.590171,0.718758,0.484666,0.512691,0.773158,0.723702,0.637977,0.512691,0.501152,0.580280,0.568741,0.705569,0.487963,0.494557,0.595116,0.695677,0.548958,0.664355,0.507746,0.679191,0.565444,0.652816,0.550607,0.537419,0.717108,0.476424,0.539066,0.527527,0.669302,0.497854,0.603358,0.634682,0.609955,0.514338,0.644574,0.666003,0.515988,0.524230,0.631385,0.666003,0.547310,0.644574,0.502799,0.080778
0.664355,0.578632,0.446749,0.667652,0.585227,0.651166,0.550607,0.448399,0.575333,0.601713,0.669300,0.567091,0.637980,0.759969,0.624791,0.377512,0.555552,0.677544,0.601711,0.417076,0.666003,0.649519,0.623141,0.532474,0.524230,0.703921,0.799533,0.408834,0.548958,0.857231,0.400593,0.512691,0.634680,0.609955,0.567093,0.512691,0.468180,0.703919,0.438507,0.575335,0.674247,0.591819,0.550607,0.639627,0.682488,0.425320,0.598413,0.628088
0.596766,0.605008,0.608305,0.586874,0.562146,0.621494,0.511043,0.644572,0.504449,0.837450,0.572038,0.501152,0.621492,0.519285,0.608307,0.651166,0.522582,0.639627,0.595116,0.515988,0.606657,0.705567,0.453346,0.636330,0.633033,0.637977,0.507746,0.562146,0.588524,0.692380,0.606655,0.553904,0.519285,0.605008,0.641277,0.555552,0.605008,0.537419,0.585227,0.565444,0.596766,0.616547,0.619844,0.565444,0.674247,0.548958,0.580282,0.570388
0.501152,0.672597,0.565444,0.616549,0.481368,0.646222,0.542363,0.628088,0.548958,0.619846,0.591819,0.637980,0.562146,0.570388,0.593469,0.580280,0.601713,0.539066,0.708866,0.525879,0.586874,0.679191,0.511041,0.646222,0.552257,0.629736,0.616547,0.591821,0.542363,0.563796,0.572038,0.667650,0.677544,0.478071,0.603360,0.700622,0.448399,0.596766,0.573688,0.614899,0.598413,0.544013,0.680839,0.514340,0.527527,0.661058,0.558849,0.567093
0.700635,0.540703,0.611596,0.542374,0.461583,0.738534,0.466532,0.547323,0.534126,0.590171,0.647867,0.509381,0.565448,0.624793,0.487956,0.572047,0.712161,0.567098,0.603347,0.606668,0.507731,0.670962,0.570375,0.560499,0.563798,0.621494,0.628092,0.555550,0.565448,0.539075,0.740184,0.524228,0.560499,0.616545,0.509402,0.581923,0.641268,0.573696,0.641268,0.652816,0.603369,0.522578,0.637969,0.516001,0.591821,0.606647,0.654466,0.563798
0.644574,0.474774,0.535771,0.705567,0.469829,0.634682,0.656111,0.557202,0.674247,0.478071,0.605008,0.611602,0.797886,0.525879,0.473127,0.581930,0.611602,0.537419,0.641275,0.629736,0.515988,0.557202,0.667652,0.544013,0.666003,0.646222,0.481368,0.611602,0.675896,0.550607,0.463235,0.628086,0.525879,0.573688,0.575333,0.606657,0.603360,0.522582,0.675894,0.616547,0.598415,0.473127,0.649517,0.606657,0.621494,0.666003,0.631385,0.568741
0.623143,0.529174,0.474776,0.633033,0.614899,0.626438,0.626438,0.657763,0.581927,0.581930,0.451696,0.628086,0.717108,0.494557,0.575335,0.633033,0.565444,0.611602,0.614899,0.483018,0.659410,0.641275,0.585227,0.575333,0.492910,0.637977,0.623143,0.476424,0.771508,0.507746,0.649517,0.537419,0.492910,0.563794,0.619846,0.614899,0.534121,0.557202,0.595116,0.707216,0.492910,0.600061,0.487965,0.631383,0.618196,0.596766,0.573685,0.634682
0.736891,0.420374,0.631383,0.598415,0.784697,0.365971,0.484666,0.682491,0.621492,0.652816,0.494557,0.611602,0.667652,0.618196,0.563794,0.560499,0.544013,0.649519,0.661058,0.476424,0.664355,0.633033,0.567091,0.547310,0.649519,0.580280,0.600063,0.544013,0.581930,0.580280,0.575335,0.532472,0.524232,0.573685,0.601711,0.608305,0.557202,0.558849,0.628088,0.621494,0.614899,0.608305,0.567091,0.535771,0.609955,0.590171,0.588522,0.654463
0.593469,0.603360,0.471477,0.626441,0.519285,0.583577,0.700622,0.450046,0.674247,0.667652,0.601711,0.461587,0.565444,0.834153,0.520933,0.733594,0.567091,0.718758,0.316515,0.677544,0.535771,0.685786,0.555552,0.555552,0.590171,0.537419,0.542365,0.726997,0.489612,0.545660,0.633035,0.578630,0.608305,0.522582,0.672599,0.534121,0.682488,0.471477,0.534121,0.656113,0.517638,0.667650,0.603360,0.659410,0.524230,0.586874,0.606657,0.641275
0.568741,0.707216,0.621494,0.583577,0.590171,0.515988,0.637980,0.539066,0.557202,0.634680,0.553904,0.745133,0.400590,0.469829,0.817669,0.562146,0.647869,0.585227,0.687433,0.504449,0.529177,0.522582,0.639627,0.605008,0.628086,0.529177,0.537419,0.596766,0.652816,0.552255,0.532474,0.649519,0.534121,0.522582,0.567091,0.595118,0.469829,0.656111,0.596766,0.661058,0.524230,0.664355,0.558851,0.557200,0.674247,0.535771,0.614899,0.539066
0.591821,0.466532,0.585227,0.603358,0.639627,0.524232,0.667650,0.652816,0.515988,0.654463,0.605010,0.576983,0.791291,0.303329,0.506096,0.573685,0.601711,0.535771,0.555552,0.698974,0.590171,0.558849,0.519285,0.698974,0.389051,0.738539,0.552255,0.606657,0.512691,0.591821,0.593466,0.605010,0.659408,0.506096,0.608307,0.555552,0.633033,0.606657,0.669300,0.537419,0.539068,0.618196,0.614897,0.519285,0.576985,0.570388,0.550607,0.606657
0.651166,0.677544,0.507746,0.844042,0.529177,0.380809,0.756672,0.679191,0.572038,0.464885,0.479721,0.694028,0.611602,0.621494,0.705567,0.422023,0.527527,0.598415,0.608305,0.565444,0.519285,0.522580,0.766564,0.601713,0.448399,0.730295,0.529177,0.624791,0.481368,0.674247,0.705567,0.595118,0.479721,0.611602,0.565444,0.557200,0.613252,0.438507,0.633033,0.570388,0.667652,0.524232,0.669300,0.603360,0.525879,0.568741,0.694028,0.507746
0.558849,0.634682,0.539066,0.603360,0.389051,0.718758,0.631383,0.496207,0.723700,0.309923,0.628088,0.628088,0.628086,0.520935,0.628086,0.535771,0.565444,0.576983,0.661058,0.507746,0.771508,0.520935,0.545660,0.680841,0.532474,0.532472,0.590171,0.590171,0.642924,0.573685,0.511043,0.636330,0.646222,0.454993,0.657761,0.563794,0.664355,0.628088,0.557202,0.578632,0.633033,0.522582,0.568741,0.713809,0.527529,0.609952,0.629738,0.532472
nan,nan,nan,nan,nan,nan,nan,nan,nan,nan,nan,nan,0.581927,0.585227,0.511043,0.522580,0.375865,0.553904,0.565444,0.675894,0.598413,0.628088,0.492908,0.618196,0.605010,0.595116,0.497854,0.613250,0.634682,0.524230,0.545663,0.718755,0.674247,0.547310,0.578630,0.662707,0.515988,0.545660,0.728649,0.641275,0.641275,0.545663,0.588522,0.581930,0.583577,0.601711,0.563796,0.633033
0.552255,0.567093,0.580280,0.591819,0.726999,0.479721,0.567091,0.609955,0.591819,0.656113,0.519285,0.601711,0.555552,0.586874,0.634682,0.525879,0.618196,0.532472,0.595118,0.637977,0.608307,0.572036,0.596766,0.626441,0.586874,0.629736,0.629736,0.600063,0.530824,0.639627,0.580280,0.684138,0.535769,0.527529,0.572036,0.629738,0.540716,0.619844,0.626438,0.544013,0.598415,0.534121,0.624791,0.585225,0.544013,0.700622,0.506098,0.614899
0.642922,0.539068,0.662707,0.555552,0.535769,0.667652,0.553904,0.608305,0.519285,0.591821,0.710514,0.583577,0.451696,0.666003,0.588524,0.483016,0.623143,0.634680,0.647869,0.619846,0.621494,0.385754,0.695677,0.588522,0.647871,0.562146,0.509393,0.634680,0.555554,0.629736,0.646222,0.595116,0.431913,0.695677,0.679191,0.578632,0.642924,0.501152,0.567091,0.646222,0.578632,0.628088,0.553902,0.573688,0.575333,0.548960,0.644572,0.519285
0.687435,0.372565,0.712163,0.647869,0.494557,0.684136,0.456643,0.553902,0.593469,0.446751,0.807775,0.529177,0.723702,0.461587,0.504447,0.562146,0.652816,0.641277,0.473124,0.581930,0.682488,0.567093,0.596766,0.619844,0.496205,0.550607,0.649519,0.603360,0.502799,0.539068,0.614899,0.651166,0.544013,0.687433,0.596766,0.527527,0.614899,0.590171,0.560499,0.585227,0.585225,0.619846,0.565444,0.606655,0.527529,0.679191,0.501152,0.621492
0.547310,0.565444,0.608305,0.623141,0.535771,0.595116,0.483018,0.698974,0.507744,0.631385,0.616549,0.573685,0.626438,0.520935,0.611602,0.591819,0.613252,0.629736,0.499502,0.605008,0.595118,0.616547,0.540716,0.596766,0.552255,0.586874,0.572038,0.661058,0.540716,0.534123,0.644572,0.614899,0.567091,0.675896,0.530824,0.527527,0.609955,0.659408,0.633033,0.591821,0.558849,0.570388,0.539068,0.581930,0.557200,0.591821,0.601711,0.598413
