,a_mean,a_std,a_median,a_skew,a_kurtosis,b_dominant_freq,b_band_power_low,b_band_power_mid,b_band_power_high,b_spectral_entropy,b_spectral_flatness,c_avg_time_between_peaks,c_std_time_between_peaks,c_std_time_between_troughs,c_mean_peak_to_trough_time,c_mean_trough_to_peak_time,d_slope_magnitude,d_poly_mag_c0,d_poly_mag_c1,d_poly_mag_c2,d_poly_mag_c3,d_poly_peak_c0,d_poly_peak_c1,d_poly_peak_c2,d_poly_peak_c3,d_poly_trough_c0,d_poly_trough_c1,d_poly_trough_c2,d_poly_trough_c3,d_initial_magnitude,d_final_magnitude,d_initial_peak_to_trough_magnitude,d_final_peak_to_trough_magnitude,e_autocorr_lag1,e_autocorr_lagk,e_hurst_exponent,f_early_mean,f_late_mean,f_early_std,f_late_std,f_early_autocorr,f_late_autocorr,f_delta_mean,g_asymmetry_index,g_sharpness_index
Mov. 1 - Cell 10,0.6611892030627047,0.0699151688224994,0.671039272225153,0.6356543359649302,0.210304765084743,0.4821052631578947,6.860643796199376e-34,0.0,0.0416552054374027,0.5700122876873506,0.5025302771733576,0.4893617021276597,0.3994006693594782,0.2207489429703399,0.5,0.4166666666666667,0.8925691270521725,0.258976308580477,0.2722713778415621,0.760754135168159,0.2943891714536504,0.4576273421767989,0.1759528111826762,0.8570373669883065,0.2066824473783564,0.7377188920763176,0.6446292460903529,0.197204385744588,0.8028491902950031,0.0695583015257844,0.24596910266243,0.0248504649146019,0.1802617268357716,0.5262602949611082,0.543980656719484,0.1091228016617376,0.6913364877392372,0.705100470332459,0.0696745462895041,0.0742084626889705,0.3236470084232992,0.371439940741586,0.4959445543817419,0.2342704149933068,0.0785520431176177
Mov. 1 - Cell 10.1,0.869504765558375,0.1503628320828584,0.6279600304576594,0.7988480806225299,0.2235757668737696,0.0505263157894737,1.437230407790915e-33,0.0042506096379228,0.1014551190898361,0.8078696130486631,0.630996689987264,0.6028368794326242,0.8653662607511968,0.8797974631288158,0.7272727272727273,0.3636363636363635,0.6554554054043127,0.3144292303161735,0.3067696986711616,0.7005948431268634,0.3547805136830648,0.4668167586696818,0.2586145510443951,0.7511531929892346,0.3096954303586406,0.6796324843551564,0.6282788926658106,0.2590462825556469,0.7389229537081645,0.1746332357930559,0.1177867864577627,0.1903699368343479,0.1830403817142056,0.7291588228461251,0.0723257556050245,0.4273286246620174,0.7965372616006459,0.7667791374726889,0.1327528552183909,0.175690428184102,0.5191320858151616,0.7231079654950145,0.4570504632240971,0.0643627140139505,0.1083476676477721
Mov. 1 - Cell 11,0.7262557589032284,0.0907847933615144,0.6389148357226961,0.8529849982560767,0.2332836659017814,0.2231578947368422,8.735491249679386e-33,0.0029404189537143,0.0505328462224144,0.742562795339198,0.6729175440483864,0.375886524822695,0.3730786739062204,0.3597909083637415,0.4166666666666667,0.3333333333333332,0.794024486117224,0.1058385274714434,0.4942025646759301,0.5384462785456854,0.5033025487300924,0.1909020365107638,0.5013320242555898,0.5106557517457926,0.5361667733016314,0.7726282802001327,0.5367974532703811,0.3567150007735251,0.6510655071092599,0.0218958711574254,0.1558935027939081,0.0,0.1053818896256535,0.6257590825917777,0.276893296461372,0.8869027891711754,0.7450410153125286,0.7433835954064554,0.1172164784368236,0.0648139301882489,0.6302483354024966,0.4219061296830517,0.4800065755600092,0.2306874557051736,0.114819769886472
Mov. 1 - Cell 11.1,0.9110897871012078,0.2835134289629804,0.6256922840896308,0.8935963546154135,0.402606776944578,0.7410526315789475,4.8000054554249434e-35,0.0197626378734237,0.0754498037863562,0.6503133566746655,0.6635512461493761,0.4940898345153663,0.7790000794745656,0.8363102365668521,0.5,0.4166666666666667,0.8621096702155168,0.2586387081255474,0.4474236145061986,0.5078431097856304,0.5915613615995533,0.3753012282006396,0.5011799913018385,0.3785010903684057,0.768776078214948,0.7106893828076011,0.5309402102312581,0.4283035663225819,0.534844580733961,0.1974522995425931,0.7067163361455026,0.2179183357364259,0.3411149703539978,0.3617324813472549,0.3243833885836659,0.7641515734017943,0.8027614879713134,0.7667791374726889,0.1533948699415056,0.3558297217155106,0.4998639250249735,0.2990283044102967,0.4526459686995681,0.2342704149933068,0.3625778831084439
Mov. 1 - Cell 12,0.7481581960617305,0.1119758120972378,0.7673313568614688,0.5085584180295535,0.3330027578995576,1.0,5.2469702528105326e-33,0.004587637327384,0.0078963053504207,0.1920728060737513,0.2013185976724678,0.2100381887615932,0.2912371447098555,0.2165043500361384,0.3846153846153846,0.0714285714285714,0.718329323127293,0.256173155946748,0.3347702485102126,0.6796485609257589,0.3729423898293628,0.3637848701686281,0.3381869965473863,0.658823971201792,0.4076697989360641,0.6355811870688359,0.7133201549164596,0.1506811396489842,0.8409886865460307,0.1004798023422958,0.0381154815382929,0.035212466890063,0.0915201908571027,0.0211314731752481,0.5611852928241109,0.6056789701933349,0.72598527700403,0.7561455339941645,0.175110269007762,0.0451730802098515,0.130198054982217,0.0908285291680526,0.5008467584350166,0.0471887550200804,0.1903520507625854
Mov. 1 - Cell 12.1,0.994775843249883,0.3144466898226364,0.6892553540365292,0.8305860315848975,0.383324052473408,0.4821052631578947,1.7893394834960605e-33,0.0158442224158866,0.101500425922191,0.7935445469701681,0.8227348525726278,0.6028368794326242,0.7805219742032864,0.8113342488556675,0.5,0.5454545454545454,0.9238701985036368,0.340928914667687,0.3216438221207605,0.6525183841293446,0.4423787739193895,0.5181811201857589,0.2232286315893853,0.7771121905530168,0.3132119782038077,0.6705149009457545,0.5890418147155986,0.3518429727321263,0.6103226076267224,0.2202713632921317,0.9353522515613014,0.2454667346385119,0.4548152826018315,0.4047317275345378,0.2111994211747485,0.3413200743660862,0.808985714341981,0.6795765931570381,0.1741482225675801,0.2519321269252208,0.4832936245129423,0.0913938998740195,0.3979803127822596,0.328404527199708,0.2366225708850196
Mov. 1 - Cell 13.1,1.0,0.2059995403717002,0.6938746558688198,0.6486913818224319,0.076642660728672,0.4821052631578947,2.48855608553554e-32,0.0238331588190249,0.08059593281108,0.335628593345469,0.5743374287280988,0.6595744680851063,0.7519931610636816,0.8433034802834939,0.5454545454545454,0.6363636363636365,0.7198794200732177,0.3891130996950301,0.2625255600174492,0.7194674931081382,0.359747298375044,0.5179562496272743,0.2688631622603887,0.6991720870044795,0.3936822302925395,0.6007417524827763,0.7109193580742106,0.1771135640640138,0.7934600813732653,0.2430904270416741,0.3533559767722144,0.2730151335405957,0.3854752131354595,0.4465110075299232,0.5310581754580169,0.6691685641324956,0.8152099407126467,0.8156985567143433,0.1949905886006317,0.17811791616379,0.4689206944285525,0.1660557496190191,0.4720327948648664,0.3596739900779591,0.1684481788546902
Mov. 1 - Cell 14.1,0.8502129408937016,0.1933532895116959,0.6669846185424575,0.7069830681716449,0.1359483584362589,0.8273684210526316,7.147399293459247e-35,0.0050874821131889,0.0793500448199433,0.6350693358202495,0.6671972862194563,0.4940898345153663,0.7790000794745656,0.9233491602026446,0.5,0.4166666666666667,0.5820542272293991,0.386971394293991,0.2902841441722317,0.6865748452955193,0.3847464638308591,0.5531214979594803,0.2282256904883009,0.7564195264072487,0.3155843300487083,0.6308132487824125,0.6322917071507869,0.2886346170019255,0.6922253130725167,0.2659094907912112,0.1905335816807276,0.3005635324426738,0.1358909588464373,0.462493420710129,0.32054807617894,0.3948296570633427,0.8214341670833143,0.7667791374726889,0.2159051743171246,0.1449276137103202,0.4563542513854681,0.5618211820203595,0.4394324851259801,0.2342704149933068,0.1884816825903295
Mov. 1 - Cell 15,0.7262557589032284,0.1281455818984941,0.6068107054380043,0.803248423038253,0.1328114743181253,0.913684210526316,9.862240291935854e-33,0.0048229572244599,0.0426394940750529,0.7539744072568637,0.6787216295632973,0.375886524822695,0.2939445569036268,0.3597909083637415,0.3333333333333332,0.4166666666666667,0.7784086924823937,0.1392278042650919,0.505331399271759,0.50682381062947,0.5481913273652687,0.3145941340741742,0.4304406426985213,0.5551441901508882,0.5128200771648479,0.7944425506232458,0.4810751626387752,0.4324657452702449,0.5748414296340721,0.0656957622892307,0.2875380738468279,0.0994070996088374,0.2190927270813598,0.5437265798858832,0.3213298407350693,0.7269898291802834,0.7589005310184458,0.7433835954064536,0.1328570248119496,0.1066130950163442,0.6065835602017414,0.3842195890036825,0.4701990657742101,0.3637048192771088,0.114819769886472
Mov. 1 - Cell 15.1,0.9109358967987616,0.2126001462966174,0.6687361755774468,0.6692268105660487,0.1123505827673999,0.4821052631578947,7.935243350349511e-33,0.0084171597068416,0.0671944372523614,0.2752145191952584,0.4435576116883717,0.6595744680851063,0.7964689245055255,0.8433034802834939,0.7272727272727273,0.4545454545454546,0.6315806441331513,0.4055695043280337,0.2895669927283532,0.6719276219094151,0.4151738331764761,0.5611137620303466,0.2523151881449597,0.7053545190873898,0.3905820166599547,0.6120326725484697,0.6422930203071879,0.2902795258257699,0.6768001912606949,0.2887285545407524,0.3602892516708669,0.3281119313447618,0.3142125390309793,0.4250548317443178,0.5747787921678515,0.4070183000794218,0.827658393453981,0.7029721352232725,0.2368791208714575,0.1279950070781535,0.4452866688203781,0.3300948145683541,0.3982513797443331,0.1220672162333545,0.2085151863259681
Mov. 1 - Cell 17,0.7645292066366309,0.0589891814964818,0.671039272225153,0.5866504712427405,0.0973976224667908,0.3094736842105264,4.51018234121764e-33,0.004378084967461,0.0198406080456929,0.583536345842059,0.717068575655463,0.4326241134751776,0.42466849183292,0.2764386337382359,0.5,0.3636363636363635,0.7954526235872037,0.2907906414155396,0.2634520529554406,0.7674319039679942,0.2779382998985157,0.418987548618392,0.215895256795932,0.8368020136571448,0.1975131903271712,0.6624354390263696,0.675489957517179,0.1993961241580466,0.7875478129445411,0.1082097701055759,0.1836046893831484,0.0641972526939893,0.0859734063081077,0.5205968615224508,0.3304315488352127,0.4355524825397534,0.8004768865619241,0.739129615877216,0.0852197286003121,0.0248808884509086,0.4645210072920369,0.3021780690976833,0.4383262098099905,0.1955093099671413,0.0574060624593858
Mov. 1 - Cell 18,0.6898948941105232,0.5462352588538703,0.7352069203590137,0.6058795269725832,0.0675878034783553,0.568421052631579,3.076138105618502e-33,0.009202322826586,0.1813004858421251,0.3268022846168419,0.121604394939406,0.3060556464811785,0.2856403611411532,0.2926191979572848,0.3076923076923077,0.2857142857142858,0.5479393842562637,0.5259026853247772,0.0888069049641148,1.0,0.0,0.6468561072696346,0.0981523761023631,1.0,0.0,0.5708659674476886,0.7328782421644456,0.0386044712896035,1.0,0.4135263842395362,0.131640188451846,0.4245512637450448,0.1331158123706276,0.1754691724123265,0.1847800745266734,0.3374618917459344,0.651493667446136,0.7476375749356912,0.3859409500921367,0.1231428103430995,0.0,0.3924725643586498,0.548656042381346,0.2767540751240256,0.462287374335843
Mov. 1 - Cell 20,0.6898948941105196,0.0661028813695272,0.6709986597896247,0.5422071651154152,0.0808639310508861,0.913684210526316,3.759016313046663e-33,0.0005106525607898,0.0127649418507527,0.549052079889055,0.5175694973066385,0.1894630192502533,0.2048667876545978,0.2079555790705949,0.1999999999999999,0.2142857142857142,0.7893870975695795,0.1384724114613018,0.4434572653407213,0.5980013731226005,0.4378464344144256,0.3443622330723692,0.336390532313345,0.6852330833210001,0.3620002633027101,0.8562580538832141,0.464035163805838,0.4068826078492407,0.6260624362226074,0.0541048850527878,0.079666922318396,0.0269281052601239,0.0831842262218013,0.1977722510363575,0.4248883478212765,0.0444566996589022,0.7069295386955323,0.732749991927931,0.0785559823532998,0.0373379856837718,0.2773042371804494,0.128212075201594,0.5008467584350158,0.3082329317269077,0.0513627154925268
Mov. 1 - Cell 21,0.6363159408694585,0.0935856711565261,0.6549973601916896,0.6402976355516891,0.0973274008280335,1.0,6.860643796199376e-34,0.0040482220537019,0.0213624615766941,0.2388461109767279,0.5232249775415827,0.0,0.0,0.0,0.125,0.0,0.7917023583821345,0.187967852627681,0.3840247153996756,0.6538857394159128,0.3859710353515727,0.4133688042150734,0.2553567562973415,0.764795421007582,0.2958119287113028,0.7937141758787185,0.535769613794062,0.3278828245862424,0.6970449420352104,0.0708800396358455,0.0899835652459734,0.0662775130147267,0.069290951829632,0.103401053958785,0.7765417437454534,0.5132049369117182,0.7381222153309395,0.6710820875442609,0.0908708772489012,0.0950104844819893,0.0348062025525879,0.5507295178167347,0.4432299647028896,0.1733601070950469,0.0725201636023086
Mov. 1 - Cell 23,0.6535364503088701,0.0940757424794048,0.7512894448280036,0.486304586436262,0.1746286018153603,0.6547368421052632,3.076138105618502e-33,0.0006442431002743,0.0452165144066849,0.4278455008768236,0.5221380428811013,0.3900709219858156,0.4164206612832944,0.4100735681608645,0.3333333333333332,0.4615384615384614,0.6372234991083776,0.2098306085613502,0.4550237287886146,0.5408060482815481,0.5169542339123993,0.3999369918345805,0.3387752805169353,0.6349813767501903,0.444218444332807,0.7685726815932372,0.4608489123548515,0.4695768377412463,0.5449907471291221,0.1069222570267248,0.1558891201928345,0.169821553488104,0.0554678454899486,0.3053331522754114,0.2930063528471881,0.51342569635742,0.6722829410050117,0.7221163884494093,0.156527362494593,0.0340426859294958,0.2828059167449242,0.1298508619071807,0.5192350638635763,0.4006024096385545,0.1087726004357631
Mov. 1 - Cell 24,0.8315083454178556,0.0351948231463314,0.7031230962920834,0.6053597144050628,0.1233550307637838,0.568421052631579,8.735491249679386e-33,0.0011627316025277,0.0271373731085165,0.7014234572919222,0.672164915829704,0.6085106382978724,0.3507825369939054,0.7256654533819864,0.5,0.7272727272727273,0.7148400098540836,0.1097401369831006,0.5367526227747513,0.4731941318019591,0.5795104834106493,0.2904202201488493,0.4532790981213583,0.5266570526080502,0.5395298711130249,0.8286756382341283,0.4413825716565777,0.4795258054188725,0.5350872588593878,0.0386416899994457,0.1281954640078886,0.1097638616338685,0.0776549836859279,0.3375722953236449,0.2651488776233267,0.1715386766051274,0.7242517417536538,0.7816667204804482,0.0380852736520445,0.0266608289717884,0.5857279992242205,0.419840909649787,0.5167831864171264,0.4612997444322748,0.0694927563931039
Mov. 1 - Cell 25,0.831508345417852,0.1036508011616025,0.8154773991796276,0.5082371733228952,0.1051082352392272,0.4821052631578947,3.019453879415969e-34,0.0091049240331842,0.0146951624258374,0.5621403391215707,0.3466326285623772,0.2860520094562648,0.2170723339410058,0.2926191979572848,0.0769230769230768,0.5384615384615385,0.7701510450902214,0.3354932575124193,0.2679287075101479,0.739992510527347,0.3208511408425435,0.515198275989877,0.2349593743507229,0.7466449515744233,0.3345595843758971,0.730136947548907,0.6207636197227069,0.2288056371829346,0.779723526289577,0.1674679670005507,0.1177824038566887,0.1014795000039298,0.1885766410553273,0.4033230653444233,0.2663692466799257,0.3546948401664225,0.7831524919295276,0.8178242011343935,0.1033628284550657,0.0925485309184841,0.4359217385907725,0.3495175754987083,0.4959430035421182,0.7650602409638558,0.0785520431176177
Mov. 1 - Cell 26,0.7663900327143054,0.0616400279142649,0.7031230962920834,0.5746694488697149,0.0927721832394897,0.5124324324324324,7.239431698877068e-34,0.0024443813698456,0.0,0.5991113826073429,0.2581724876413072,0.4326241134751776,0.4246684918329202,0.4118581886778301,0.5454545454545454,0.3333333333333332,0.756499444314304,0.217213459418583,0.3897991623877244,0.6286955424432408,0.4216979366319763,0.4404548775635777,0.2835873878570469,0.709267879618777,0.3608449541977818,0.7298025565947808,0.5975746543358567,0.2747786395725461,0.731972471525657,0.0605473397372167,0.1455067382491507,0.0517759501995109,0.1525278040907976,0.4762237647930823,0.237197388565457,0.2899531404635092,0.7987433513115478,0.7391296158772169,0.0799940981520055,0.0516645108622149,0.4646163515138095,0.2687124468925008,0.4395529239530281,0.1446964327899834,0.0574060624593858
Mov. 1 - Cell 7,0.7645292066366309,0.0589891814964818,0.671039272225153,0.5866504712427405,0.0973976224667908,0.3094736842105264,4.51018234121764e-33,0.004378084967461,0.0198406080456929,0.583536345842059,0.717068575655463,0.4326241134751776,0.42466849183292,0.2764386337382359,0.5,0.3636363636363635,0.7954526235872037,0.2907906414155396,0.2634520529554406,0.7674319039679942,0.2779382998985157,0.418987548618392,0.215895256795932,0.8368020136571448,0.1975131903271712,0.6624354390263696,0.675489957517179,0.1993961241580466,0.7875478129445411,0.1082097701055759,0.1836046893831484,0.0641972526939893,0.0859734063081077,0.5205968615224508,0.3304315488352127,0.4355524825397534,0.8004768865619241,0.739129615877216,0.0852197286003121,0.0248808884509086,0.4645210072920369,0.3021780690976833,0.4383262098099905,0.1955093099671413,0.0574060624593858
Mov. 1 - Cell 7.1,0.7365809351130359,0.104581725115055,0.6707781467073453,0.3892944250982623,0.3018206988824972,0.8273684210526316,2.17986045836904e-33,0.0563286807071204,0.073522350106739,0.809289522417671,0.7689983210255992,0.4940898345153663,0.8571351730554123,0.9233491602026446,0.6666666666666667,0.25,0.670182396221641,0.2612575445783492,0.3423084594160195,0.6795563383291005,0.3658313461692311,0.3527485035399014,0.4311221748441465,0.5227989101820086,0.5559371245260454,0.6591399234898314,0.726470514889047,0.0921619656111569,0.9136837504078712,0.1289951082939733,0.0,0.1352731390301766,0.0,0.7265308868786935,0.1119103749698104,1.0000000000000002,0.7840888088593125,0.7731614521111139,0.0919356510055537,0.0328973724214456,0.5685230351320184,0.6281156265273177,0.4695380438626421,0.0210843373493976,0.0682806601764915
Mov. 1 - Cell 9,0.3626519529582488,0.6835907942579939,0.4944564025504601,0.5532178764084063,0.0990711731631019,0.8273684210526316,1.5412759721687874e-32,0.0358441470018244,0.2615714320205347,0.6462752344336087,0.6055085183000536,0.3191489361702126,0.3091938489635831,0.5348474864093512,0.5,0.3333333333333332,0.1411390781144996,0.5802852733303767,0.3700111457324852,0.5496074252740345,0.5398657024200113,0.6649324129079157,0.4643242280146888,0.3758189163422278,0.7644691404128339,0.4112692429305999,0.6938862089272579,0.23842650012886,0.7396344921677166,0.6119240008735527,0.5716051276432559,0.8677436511450595,0.5934743711188296,0.3172657633351099,0.3037608321188622,0.3366149731724337,0.739842601135674,0.5200617782226384,0.5829926742368956,0.1167557891524963,0.4858697572880389,0.718289067802716,0.3549685799892069,0.1733601070950469,0.528764190971293
Mov. 1 - Cell 9.1,0.9963263034299992,0.1907080913817765,0.7462935775497073,0.4876631144381901,0.1314096776037994,0.6547368421052632,4.8000054554249434e-35,0.0385757763884942,0.038918318581175,0.7353674104768197,0.528274078771168,0.5460992907801421,0.8043503884066604,0.8363102365668521,0.5833333333333333,0.3636363636363635,0.8028641124367906,0.2637290807553933,0.3790463144649332,0.6098224490795696,0.4667933789344745,0.4205732517438267,0.3264986021694156,0.6503443535443524,0.4418008512712478,0.7307372189222099,0.5412773187774106,0.3888276928575886,0.5938788726660356,0.1518141720435147,0.280596033746028,0.1628215379322603,0.438164403746974,0.5288040198573227,0.3511893217852075,0.702725217286815,0.7903130352299792,0.8922648068623324,0.1122524526104579,0.250094879832081,0.5417422255597574,0.415642327035674,0.5337814653198253,0.143050671585865,0.1843048813118764
Mov. 1 - M,0.7607016197641912,0.4772057620481273,0.7031027900743201,0.6766761087268737,0.118942391178397,0.568421052631579,6.449983249193261e-33,0.0034499412731092,0.1960252526851537,0.6175262696697672,0.3972575011152121,0.3380614657210401,0.2909277836316066,0.2981612620668934,0.25,0.3846153846153846,0.6206897084013198,0.2952170247127453,0.4440268748718187,0.598197471048043,0.4253061956544571,0.5737818061513389,0.3017013517530723,0.6881405424751882,0.3702593451997432,0.7571417555328654,0.4606687896011904,0.3847938121933312,0.6726661104592397,0.2202902282646604,0.388000438260107,0.4763272139445559,0.3910290144897029,0.3811725263997547,0.331432545111982,0.4755214670911953,0.8559105662370445,0.6604350306200404,0.4099991463353203,0.1601291761436346,0.3555789702324745,0.4815503234388533,0.3537418658461693,0.413253012048193,0.4230113527770344
Mov. 1 - N,0.7721843803815247,0.7063392990476441,0.7512894448280036,0.6353891263033601,0.1555100346167665,1.0,1.437230407790915e-33,0.0175808433751075,0.1908980418225586,0.2472807547983384,0.2467499341538856,0.2100381887615932,0.2912371447098555,0.2095927923936682,0.1538461538461537,0.2857142857142858,0.1217380762441457,0.492783983049489,0.522459393223886,0.3432445324297416,0.7870773833480722,0.9973637021496398,0.1362634873772855,0.7025838258217606,0.4395686538081725,0.8417403208953935,0.1060149994091126,0.9879288518561682,0.0,0.6531456063208739,0.7656053467733102,0.8594592895151209,0.5241448268603307,0.0409854749355853,0.8575463212738849,0.1250549282339172,0.8940242344283167,0.6157695909076217,0.6296434919652587,0.2516224586393953,0.1177294570615662,0.4972805114411167,0.301027276167317,0.4204819277108438,0.607323879056611
Mov. 1 - O,0.1926507674295301,0.9251502771790928,0.6068107054380025,0.3900960013141045,0.3823582752455438,0.7266666666666667,8.024708101613481e-35,0.1644965989867725,0.4439694538469757,0.7277541084617871,0.5949980735843591,0.3900709219858156,0.1855148644500924,0.3842685291493615,0.3333333333333332,0.4166666666666667,0.307626674588488,0.5610550340500469,0.2996199879935366,0.6501505796095787,0.4274801218607618,0.4607915705706045,0.6599100636610079,0.1569842065916306,0.9933025543160874,0.4856798216003344,0.7201882526362408,0.138331737711094,0.8635651093929249,0.5075751402411395,0.4295694094445051,0.8325390441806415,0.3743816440374697,0.323573776773832,0.168351176342931,0.5078774647339142,0.8559105662370445,0.2669594136450213,0.7443456422943987,0.7160484622329324,0.0213995219771412,0.4253911674911103,0.1269532825071493,0.3637048192771088,0.7795497114024693
Mov. 1 - cell 16.1,0.8606612543939463,0.2516169883765591,0.670487732612413,0.5744774926860593,0.1674667185828047,0.4821052631578947,2.0804963442022475e-34,0.0279336149133347,0.0785951100596745,0.5526657362428145,0.0910936259077203,0.6028368794326242,0.7805219742032862,0.8308650381843382,0.4545454545454546,0.6363636363636365,0.5921906883933279,0.478855549363497,0.1817278096964839,0.7966249209377874,0.278803125871986,0.5683229626540429,0.2775566083637617,0.6566662666511645,0.4515327457466898,0.5024118807913462,0.8452051411866885,0.0,0.9717721415191476,0.3115476182902911,0.1143157664073628,0.3556603302468425,0.3189243237553942,0.4504976787437242,0.2937688969618106,0.4631380686359503,0.8338826198246476,0.7029721352232725,0.2579024256661235,0.2129135433507235,0.4354737196706723,0.3931747486126922,0.393846885219804,0.4322289156626506,0.2285486900616076
Mov. 2 - 15 (purple),0.6601630571428707,0.4024642731718072,0.5426227510863804,0.6895931134797323,0.1371239175836755,0.88,8.447345910812084e-35,0.0539598077740096,0.0358585723553594,0.3875724064851162,0.2650017799064736,0.4500818330605567,0.4880378387093377,0.7556451947004136,0.3571428571428572,0.4615384615384614,0.7143053731278018,0.2822687512552969,0.374600252944075,0.6854653228230767,0.3392408684990824,0.3087842869747508,0.4956328783833299,0.5478339553548279,0.460783935351825,0.6649838464972779,0.6421450177699446,0.1911809904192731,0.8154682304460668,0.1326871864742676,0.072751177824038,0.2360938265524006,0.1774900887625863,0.2977800878324995,0.2134725748106293,0.58995696957366,0.6376341517402206,0.5285697372811127,0.2429693551963798,0.2192849422651266,0.486212906746768,0.3164251358277086,0.4321988424533043,0.3795180722891567,0.3384083177248576
Mov. 2 - 15 (white),0.7665819118162354,0.3573508988487508,0.6389148357226961,0.549078429854072,0.1090098363873529,0.8000000000000002,7.5031418564289e-33,0.0155244456236147,0.0846613129894346,0.4934037282870207,0.4407012372392794,0.4940898345153663,0.4959031195137963,0.3157196205909155,0.3846153846153846,0.4615384615384614,0.720762337992427,0.3076366183424543,0.4126919953433816,0.5777488412080558,0.4897611505732697,0.4105122371990504,0.3779635603996434,0.6227709480316315,0.4413568040652979,0.601934130271216,0.5838336265444853,0.3780789225178049,0.5882125542529668,0.2293044495800097,0.6131740988276536,0.3023608596662672,0.393800652562888,0.2253763424309028,0.4069732973330976,0.3601751225291714,0.777954077752673,0.6583066955108539,0.3207912632352487,0.2397147077672659,0.1614211011502515,0.2860280676247256,0.4076800679888094,0.3560910307898262,0.2991284736821986
Mov. 2 - Cell 1,0.6249472843719097,0.7124553499591247,0.6069883701027798,0.4940671639915541,0.1564261860173413,0.96,3.384103583935748e-33,0.0294243683518037,0.122573035750612,0.5530880624028507,0.4379953443845709,0.5460992907801421,0.3408431790096254,0.3504805767690767,0.5,0.4615384615384614,0.2501033550742151,0.0881247524813906,1.0,0.0,0.9999999999999998,0.315571206729655,0.8384229785669022,0.050433574241571,1.0,0.8621291666066875,0.0,0.9999999999999998,0.1175424322645617,0.2081862905667277,0.4563568592541159,0.8204389464799106,0.2102833154487181,0.1935114588655364,0.4207209698982445,0.214311059279834,0.7554377520854949,0.6308532412840302,0.7307792511201986,0.1363741039090777,0.0028816215905795,0.2053178426477528,0.4077900389839923,0.2670682730923694,0.5939672730813782
Mov. 2 - Cell 11,0.5342317230750808,0.7089995449720763,0.6068310116557694,0.5834606434997562,0.1141445873575929,0.4,1.2338446192564109e-33,0.0497357069289209,0.3818433488932676,0.4907298243395721,0.4151219174285451,0.773049645390071,0.5172670534867198,0.5956913721991486,0.75,0.5454545454545454,0.432194669952599,0.0837451265254219,0.8121015902628018,0.2926442331538599,0.6609941256086032,0.4229248546301409,0.5372845678587894,0.5195632357524526,0.4452924640714359,0.9806181966944802,0.0318683354914856,0.8500852887601831,0.2998957937531771,0.2305968519490336,0.1558935027939079,0.4846115755744943,0.1802617268357715,0.3945906041813994,0.3628833811570998,0.5479028821693024,0.4366821318757887,0.6157695909076217,0.5475088415690961,0.1138862301996318,0.5933188182166783,1.0,0.6246595907024073,0.1670317634173056,0.6194067505064789
Mov. 2 - Cell 12,0.7807719899774987,0.2751182523796269,0.671039272225153,0.6722128085643344,0.0815870897070069,0.8000000000000002,3.539432526357104e-34,0.0137576958342008,0.0917919837974641,0.6533131252955275,0.6038026651043146,0.4500818330605567,0.4333723966439257,0.5903153025456027,0.3076923076923077,0.5384615384615385,0.6300760024095596,0.3565898673118886,0.2948064997126031,0.7410703304349899,0.2966168887099051,0.4027813717694082,0.3502628091396169,0.7059089333650557,0.3143412334371005,0.5854527571186958,0.696224307261799,0.1741530315114896,0.8172795485018334,0.224152767501214,0.0277199517913885,0.2526625498122786,0.099838613479283,0.4778897256862327,0.2859083856465998,0.3652342985681998,0.6705472141803615,0.7646534930526396,0.1801196816797173,0.0439234800482411,0.9655466347340068,0.4973194894870034,0.544980552471109,0.4886605244507442,0.2084859141470127
Mov. 2 - Cell 13,0.7435241567268633,0.3313426829275997,0.5747065751533107,0.689373393288984,0.051537252073957,0.7200000000000001,1.050531834543765e-33,0.0551269000373521,0.17181665884075,0.8089302542434997,0.7421350720307732,0.6501182033096928,0.7533130581662225,0.56883715013965,0.4166666666666667,0.75,0.854708042617901,0.1686586076243386,0.5370238552539418,0.5124936380288724,0.5178748229103912,0.3820353399004963,0.347189942902785,0.7228288331737045,0.3026033024559783,0.7863158462988307,0.3855100513356028,0.5305401155947833,0.501874709848276,0.1507254076853121,0.5196450093130272,0.2050314004029519,0.5518787496053049,0.4731071029160397,0.1662887710509683,0.5263462493269473,0.6965349019160936,0.8305861397221044,0.1807548712417231,0.2367364005954136,0.6582246030723305,0.1440392609315609,0.564592470363455,0.5531537916371367,0.2538014601888306
Mov. 2 - Cell 14,0.8144723036878219,0.501036425557007,0.8636234414977846,0.5454876443419029,0.0738231850803929,0.64,1.451485587168761e-32,0.0204392335866673,0.1462502744020901,0.5585118227676946,0.5532455698704603,0.5460992907801421,0.1730475089510663,0.4213576944119683,0.6923076923076923,0.3333333333333332,0.6371375668116042,0.5216292397266158,0.2069816840363251,0.7949985919863708,0.2690517340971561,0.614766614166852,0.1459448415530608,0.9167314182166004,0.1247461526310004,0.4955807467879043,0.6683677495216702,0.2469737859573985,0.7315257815676333,0.4676410478726698,0.4434359592418103,0.5508890885892219,0.5907027330456445,0.3767752542439506,0.5679409474205189,0.3419616652486184,0.9026853359573784,0.6051359874290974,0.3992761069367323,0.3536893394172394,0.4863858145724447,0.1616112882476936,0.2887694397746932,0.0626140927345747,0.374668399526012
Mov. 2 - Cell 16,0.796734705986232,0.617977302772697,0.7673313568614688,0.7492831377351516,0.283584666499708,0.4799999999999998,4.639309234632979e-34,0.0338128965417486,0.1495412420108623,0.2963650175713135,0.2257526199913152,0.2340425531914893,0.1187751258498915,0.1168996928526715,0.1999999999999999,0.2666666666666666,0.7346019983527258,0.1190830995167537,0.7661663667251029,0.2293792782733781,0.8194367331228094,0.2142502574448357,0.762704255042562,0.1544766861886459,0.9325016171593532,0.8534453594538398,0.1905567910493507,0.7801544920847097,0.2757036689919541,0.1429921803952502,0.924965487016544,0.4349054057948613,0.5990246640704487,0.2103115108382075,0.3231072939142205,0.4930994890502393,0.6878716088127588,0.8731232443253356,0.3462548532438002,0.3626073665580859,0.2252301996542353,0.1830789350871433,0.5952401630242614,0.3560910307898262,0.722143648943083
Mov. 2 - Cell 18,0.5005314093647684,0.4196293358782801,0.6068310116557676,0.2299862867385494,0.573293808679092,0.5599999999999999,2.240231807328837e-33,0.2498882580006314,0.1292381055459975,0.738527204267212,0.6754394391213839,0.5460992907801421,0.3408431790096254,0.4514536760295612,0.3846153846153846,0.6666666666666667,0.9135163230489264,0.0916167294645554,0.5853424184907193,0.4717928623571617,0.5557373801425645,0.278499680755784,0.4204873212993222,0.6781466911346966,0.3113951590962339,0.8909978978553164,0.2435517987693461,0.7408571954990603,0.2753513345238423,0.106920627263334,0.6686052372082831,0.0828383763489598,0.540781672104691,0.6867936322329699,0.2343677298370052,0.7953644836657652,0.6878716088127588,0.366923896548383,0.1146019361596868,0.394730801184065,0.5191423050952718,0.5694658589510525,0.3034807044533907,0.5185185185185186,0.335384732999503
Mov. 2 - Cell 2,0.3841609480428403,0.6405221859238267,0.6390332788325477,0.7004402596569286,0.104464709473873,0.88,8.2235611003496e-33,0.0791426792836096,0.268751029237133,0.4048374055926409,0.4616490782931537,0.4500818330605567,0.3737943758090162,0.4474659901849872,0.5714285714285714,0.2307692307692308,0.3338125448837736,0.5112122563816768,0.3157487420940478,0.6780155050220256,0.3676514963562248,0.7431553575980421,0.2326322098148854,0.7307200978785398,0.3254203278270836,0.5018845564777139,0.6760378883304953,0.2033494810895928,0.792112818126169,0.5296741454285867,0.1658802068475942,0.6653937019340948,0.276721946132063,0.1499435966242416,0.5337205339733624,0.3131402915815167,0.570408678049998,0.4864847418264499,0.5783639832378491,0.1390852343501335,0.1191573275546371,0.6407641567849627,0.4555134525037011,0.0575027382256299,0.5276130842951404
Mov. 2 - Cell 22,0.7062785673216077,0.7758890503193684,0.8315396174308578,0.6668288003604436,0.1040634012888117,0.88,2.398024015294769e-35,0.1846846749991816,0.1207903242098043,0.4797784816021369,0.4203026865695602,0.4420803782505911,0.3287809806872316,0.5580092362144878,0.5384615384615385,0.3076923076923077,0.4445006612204758,0.3632763110057818,0.5274478130966702,0.5360692238583751,0.4590687846611067,0.5829807206797115,0.4289028804434852,0.5697710205795974,0.4574315594688224,0.7226145752524358,0.3366982454246415,0.5078191678965809,0.5898420388380896,0.6157897996368886,0.5092538621671965,0.6627201106677529,0.4575869206750168,0.3275530877036225,0.2804868564612801,0.3538168887871198,0.6999975892682988,0.6817049282662255,0.5483993659107963,0.2687283458693966,0.2213860995024591,0.2023211900274145,0.4763310856497706,0.1307228915662651,0.589193838156034
Mov. 2 - Cell 23,0.8126974219949723,0.8127942938574854,0.6068310116557676,0.5892979828915578,0.2117116548479298,0.4,7.041193638953033e-33,0.0665220401499206,0.160171752787666,0.5830734661423471,0.4106078384428132,0.3540643753409713,0.2742612257614111,0.277931097884023,0.0,0.6428571428571428,0.6261377001522237,0.0031419107634043,0.8822488676637668,0.2007118396006674,0.7738758627810373,0.0,1.0,0.0,0.9788857940682616,0.6930758752297026,0.4014796163465357,0.4999955380605528,0.5488650832080408,0.2331735078701274,0.3984003506080859,0.1035519003990223,0.4659123601024454,0.2547953401699693,0.1879121572781516,0.481092182269577,0.7207868628271736,0.8688692647960972,0.3820992080436264,0.4092685973420881,0.2428803795094693,0.4705260340794505,0.5694962252563541,1.0,0.8490462902794236
Mov. 2 - Cell 3,0.7989210033836684,0.3290868962583892,0.5749434613730138,0.6477009053692052,0.0503715047722528,0.8273684210526316,1.7893394834960605e-33,0.0132399167635732,0.0519820673560724,0.2711808784760596,0.2589809522056816,0.3900709219858156,0.4164206612832944,0.4100735681608646,0.4615384615384614,0.3333333333333332,0.8693578378658013,0.1686818156799973,0.5077602553107922,0.5320948139596635,0.5083894425681983,0.5384181515395339,0.2265833139052153,0.8097814113197869,0.2470949539024174,0.8476149959146784,0.3936222175960095,0.5013289608245267,0.535918778473232,0.1606060880471727,0.6015951854573771,0.1403071404055992,0.4400502465619522,0.2513102948471056,0.3992326793340068,0.1973596896349811,0.7087481726559766,0.6159917781045738,0.2419243255813011,0.2215977598016826,0.3761323666824724,0.2050403823633728,0.4322635843787151,0.199006552525893,0.2109226378153699
Mov. 2 - Cell 34,0.6424277032866641,0.7803605346458896,0.606790399220241,1.0,0.6932468934781049,0.88,6.81571891375648e-33,0.0705128763004157,0.2656134344025221,0.7237649795875343,0.5924214857586186,0.2132387706855794,0.1179946528046768,0.2046765545206496,0.1999999999999999,0.25,0.4216804299062838,0.7175745343740724,0.0426159511385114,0.8796593397489129,0.2302816762701839,0.809041437272187,0.0483077532404375,0.9067570212333128,0.2071169843294343,0.4492941736462026,0.7197415461664269,0.227606784135819,0.7309190240855601,0.6776246524529568,0.3983959680070124,0.8905269556149998,0.2468196330210859,0.2571409302650871,0.0070844270969915,0.5869785689833282,0.6861402651366548,0.8263321601928677,1.0,0.1537601891782847,0.2397687118230481,0.0628434184359949,0.5694962252563549,0.3408634538152613,0.9699094071327548
Mov. 2 - Cell 36,0.4100752707001369,0.7309880181463883,0.5747065751533089,0.6266318053013079,0.1800907574668602,0.4,8.030595751816929e-34,0.0398845396694761,0.308328358939996,0.5581564315625092,0.2433754571994277,0.3900709219858156,0.2743211545417801,0.4514536760295612,0.4615384615384614,0.5,0.1561358190368654,0.5750414377516739,0.3729299315315449,0.5699544729349708,0.4948903439245447,0.9332446474574448,0.0,0.9678406363535712,0.1139396627360087,0.4459096894804876,0.5142369141543022,0.47572556737036,0.5318016215563496,0.5745633048993947,0.4607516160841457,0.8553171087001515,0.2884187629372345,0.5041308607408332,0.6038647974297979,0.3844435060588325,0.564876077432702,0.7051004703324608,0.7616110125684199,0.1653880886226769,0.5590950555482999,0.5068704028767536,0.5854326532384639,0.3240329740012684,0.5922136003975381
Mov. 2 - Cell 4,0.5576687492211434,0.3787885821743187,0.7992578224813851,0.629898315041516,0.1241105278647405,0.4799999999999998,2.240231807328837e-33,0.0939410688369057,0.1142898091592128,0.6814249844154401,0.7519354200833898,0.3232016210739614,0.1041510489732513,0.1954480747015841,0.2857142857142858,0.3571428571428572,0.8700918506732798,0.033520687052645,0.599853711078427,0.5119530991412489,0.4779449068152308,0.3355998126593862,0.375937713605192,0.7071244985463607,0.2997942277385054,1.0,0.2413099660117289,0.5956412360735572,0.5016480476959875,0.0088638205523752,0.2419574253350164,0.045212723750832,0.3265509191445719,0.3324494619044741,0.3921647326807009,0.5193792832534707,0.7346868278945982,0.6096225795990913,0.2089539938440423,0.1685151036832878,0.5804910597593602,0.2984238379350676,0.4102373935234644,0.3560910307898262,0.2802929260918912
Mov. 2 - Cell 5,0.7255473072424259,0.2052394455622107,0.8313027312111547,0.4954345948815277,0.0827283867984578,0.1169230769230768,9.921863057186649e-33,0.0085187373106899,0.0513347988369418,0.7414826538660417,0.7102033582307544,0.6595744680851063,0.4246684918329201,0.4705766921228922,0.5454545454545454,0.6363636363636365,0.8786080590607673,0.1631445652423694,0.4420238491237951,0.6211972326443557,0.4077543479193022,0.2050351682014719,0.4928458018471036,0.5586489527265333,0.4649143366540745,0.6681364155371556,0.6482796020378454,0.2001831513138352,0.8004365212060851,0.0924506628164586,0.3387829761371905,0.0410781838962772,0.3486971293723533,0.5027976848453866,0.3388135874598202,0.3094131057201976,0.7329575842120235,0.6563300353059569,0.0637070002637115,0.1688122844620407,0.4557105786590431,0.2234823768019726,0.4383819707273954,0.3596739900779591,0.1475845485194157
Mov. 2 - Cell C1,0.7296239683916106,0.307130875974389,0.5119292751035669,0.6424296526292375,0.0675854921254949,0.8000000000000002,2.423776597284635e-32,0.085848559328825,0.0482825384705146,0.6189455173159017,0.4554643268013748,0.5460992907801421,0.4695973251115709,0.3504805767690767,0.3333333333333332,0.6923076923076923,0.6493153435356043,0.0886787925181651,0.6577920365728053,0.3938284914632787,0.6157237622728117,0.2301511645880811,0.6174255600534004,0.40413154103505,0.6018169117990964,0.7690535018474915,0.4367677021601802,0.4674640918787407,0.5655695415079468,0.0902366699552855,0.1886937022438822,0.181857823952991,0.2363089874319407,0.2882857113923464,0.0956326413687986,0.6813323184185689,0.7227756035476842,0.5681233150953418,0.2351525340886573,0.0752430665095187,0.2929484756724221,0.5183402648987137,0.3947471787625397,0.5903614457831328,0.2451079148579018
Mov. 2 - Cell C2,0.7930049549474738,0.3554064956919742,0.6393918225625779,0.6564902244276818,0.0611691467413628,0.24,1.4318224267460687e-33,0.0361489452299277,0.0617813735571238,0.6225566894668213,0.6658701266687498,0.4500818330605567,0.3737943758090162,0.4751491888941518,0.1538461538461537,0.6923076923076923,0.8359934266358822,0.0396519096408509,0.6786765864038008,0.3887987649171023,0.6232361670293762,0.2151476916355128,0.6388452595272139,0.3692780239114803,0.6593495090457937,0.8841562228562319,0.3480888071597193,0.5281807120948081,0.5258133144425341,0.1055817575522148,0.5635130551123724,0.1304652038650642,0.277600829160222,0.4071722003393095,0.2512151751126888,0.5132945709098744,0.7313734516027814,0.6884610823122168,0.1739504212195414,0.1853216008012682,0.4830773340914137,0.3476821644065229,0.4580224186449889,0.806827309236948,0.2571048198159815
Mov. 2 - Cell C3,0.8018078697468951,0.374979691028955,0.7668543700215871,0.6361463586613689,0.0528770157455445,0.32,6.593910444254178e-33,0.0485351971385669,0.1472454188600443,0.5203518146066402,0.5085948762769203,0.5460992907801421,0.760227950943059,0.637296554281015,0.4615384615384614,0.4615384615384614,0.6606097353483338,0.0584451247177625,0.8087125675351843,0.2123521968167169,0.8082187634263984,0.1431628275497103,0.8556630505589315,0.0838660595793195,0.956473382564793,0.8474083300876856,0.2694939957369435,0.6600777107367963,0.4032668264911848,0.0876791553557971,0.6563582159146589,0.3463142082343564,0.4069819332421708,0.5273534102767101,0.5531145054017457,0.5348254094375764,0.8362671978749558,0.6420149265443005,0.2930067119764441,0.1820571904742114,0.3044751258458082,0.1647320355101457,0.3570254011403097,0.2951807228915664,0.2121164262231825
Mov. 2 - Cell C4,0.7120181387927573,0.5285188390790535,0.6712574594273306,0.6351905894286138,0.0657614562956008,0.88,1.944230352476353e-32,0.1057507642598009,0.1527139489616789,0.7497183957408193,0.6803367468703511,0.4500818330605567,0.3737943758090163,0.3083446946796604,0.2307692307692308,0.6153846153846154,0.9448337453094342,0.0,0.6916733144158831,0.4301636623266617,0.5542326625201982,0.2370357991840759,0.6085575664018725,0.4557273251541399,0.5359381188197186,0.9737034596444932,0.2737985826737539,0.5585104641031233,0.5205837647086407,0.0825641261568205,0.6150937000025317,0.1674678903283714,0.4785544589045255,0.3176662320388101,0.2571587806325093,0.7334858164009537,0.7674844134341843,0.6673491933268005,0.1923594176089402,0.2336508133600413,0.9312039778719128,0.3179849645037042,0.4203006410227605,0.6378012048192772,0.4430568466662161
Mov. 2 - Cell C5,0.7630750446294243,0.4127933268788156,0.6712574594273306,0.6615356933520877,0.0295827394320146,0.7200000000000001,1.8717731100564185e-33,0.0935766454733784,0.2932660342534717,0.784033057020959,0.7087924759765064,0.5460992907801421,0.3408431790096254,0.5379562531611554,0.3076923076923077,0.6153846153846154,0.7922012494756787,0.2613365664576189,0.5208994720919613,0.464012393503847,0.6034119773452852,0.4029072466508054,0.5319418175229786,0.388769467477138,0.7082544993653097,0.6958444119597136,0.5140121406607601,0.3980922857890186,0.6032786856475709,0.2411300313250931,0.9005066017280788,0.4182638763574535,0.6629913519575159,0.5064918814600088,0.2493159381877252,0.3301008477288931,0.77952140071132,0.7517967492684674,0.3007727717290726,0.2936480830448628,0.626281066402409,0.0028956665877345,0.4604560817173914,0.553153791637137,0.2151156524627028
Mov. 2 - P,0.7435241567268633,0.0291756842127519,0.6389148357226961,0.6695653191316568,0.0739583434409954,0.24,8.818840726081308e-34,0.0020907999547824,0.005586422553874,0.1793947464824503,0.477902324616277,0.4420803782505911,0.5167389689621974,0.4241327306640523,0.5384615384615385,0.3846153846153846,0.8167567756364474,0.1252628412974751,0.4725611849921327,0.5529033710064059,0.4954125477181297,0.2895372021503923,0.4176936741447544,0.5771987006930627,0.4866393286700998,0.8355622555385633,0.4822335411206334,0.4047157949967926,0.6143013404802541,0.0244708973151278,0.1870713268324749,0.016568723259878,0.1247973897484475,0.5209328692994473,0.880632311956403,0.2357119095194628,0.7121257612981138,0.7370012807680277,0.0095960984753395,0.0481497982915289,0.3002890865844693,0.4590271694904096,0.4996200442919789,0.1855421686746988,0.0211459806582316
Mov. 2 - R,0.7399788810319272,0.1048215541459123,0.671039272225153,0.8129501009780528,0.1835913520302357,0.4799999999999998,5.8858361706789724e-34,0.002159952265726,0.0149095738777759,0.801087823931089,0.6968734918537683,0.2132387706855794,0.2717490228616853,0.2046765545206496,0.2666666666666666,0.1875,0.7343596974873876,0.1034175634036385,0.5349803496177475,0.4995142952837751,0.5332033877691871,0.2968305074906847,0.4426514009231968,0.5590236143833982,0.4895022803917133,0.8541503446257459,0.4233864439101868,0.4678249747716685,0.5704645121837641,0.0,0.107395639311932,0.1014795000039297,0.0610111216363193,0.4202103874549014,0.274544001332405,0.3855856531698252,0.751970773165489,0.6965925112739848,0.1152972292837783,0.041097764608726,0.2452616614224775,0.5238924765337236,0.448133719595788,0.2266566265060241,0.1268988188524902
Mov. 2 - S,0.6637083328378104,0.0780020126542997,0.6068310116557676,0.8380938965665234,0.2191806334062027,0.7200000000000001,3.2282877169299976e-33,0.0286123233198355,0.0022711815065948,0.5235461607716312,0.6088384746753245,0.4500818330605567,0.3737943758090162,0.3850186991680852,0.3846153846153846,0.4285714285714286,0.7758490913685236,0.2656090570976613,0.2774437541587852,0.7604538033173868,0.2866812282298542,0.4749384862884604,0.1635387547568649,0.88149436966833,0.1729724787565468,0.7577311752861431,0.5921795271571956,0.2657612404762192,0.7446159736646971,0.1326871864742678,0.0069376574997258,0.0766264151141129,0.1608532435182262,0.3501723513077698,0.2596106516100873,0.4881869002489907,0.7329128432827163,0.745509239826502,0.0865638761606631,0.1001200529353784,0.2335506618451429,0.4551119978455825,0.4898140853458051,0.3299866131191435,0.0755322808761133
Mov. 2 - T,0.7612617544284461,0.0870003463461875,0.7031230962920834,0.7324649233895753,0.1229749678256265,0.7200000000000001,2.586206045851345e-34,0.0033777799211464,0.0004747163410208,0.258679100242412,0.2757948964923008,0.4420803782505911,0.2501119210440089,0.6733710969552316,0.3076923076923077,0.75,0.676478771215421,0.1707219541343611,0.4570828638042924,0.5793418732814319,0.4515960225550151,0.3623123200411404,0.358873381373865,0.6628383671449388,0.3720118002128475,0.8000706605054642,0.4817512220888078,0.4027773824211873,0.6263796656850961,0.0824464704214239,0.0173244220444832,0.1408315277337472,0.0360558537697787,0.1604839455901523,0.5856536201462493,0.0,0.7450410153125286,0.7476348842465521,0.0993798722267161,0.0,0.2578035135107582,0.3430567927486833,0.4824569021668339,0.666017009213324,0.0664729941515995
Mov. 2 - U,0.7382039993390777,0.0199493409970505,0.7031230962920834,0.5814957021161095,0.0400263248418593,0.64,3.539432526357104e-34,0.0084400650538776,0.0126942060195228,0.8944088427194932,0.9873475802862332,0.4940898345153663,0.4371768599995386,0.4241327306640524,0.3846153846153846,0.5384615384615385,0.7565498872661565,0.1653446584433677,0.4238537130557565,0.5984379048423603,0.449980005355394,0.3155903831618225,0.3708597338221813,0.6418039991051186,0.4087915830999179,0.7951378503982407,0.522698967165553,0.3729254847336103,0.6349635943335964,0.0798698145003308,0.1351024433000986,0.0186385036797551,0.0554608286846998,0.4568976833854934,0.2590269449060853,0.6808902020271905,0.7242517417536547,0.6987181556940367,0.0449895472390183,0.0556625628477923,0.3029933307362349,0.3664493528248785,0.4689739024707978,0.4170013386880857,0.024169565383586
Mov. 2 - V,0.8028996150621559,0.0279972030484136,0.6870811842586182,0.656707615491028,0.0596849488491845,0.5080000000000001,2.5465073709120117e-35,0.0039942871519622,0.0240132676161175,0.5846028345285812,0.4356648357075672,0.3540643753409713,0.2742612257614111,0.2806920448121922,0.4615384615384614,0.2142857142857142,0.7659645164373857,0.1999769999174512,0.3879940939038988,0.6319316171425446,0.4186514505189451,0.4073063139630624,0.2860855909314054,0.7169124327722651,0.3527639111297259,0.7889052759980846,0.5331216584506577,0.3534348332608856,0.6609069631676413,0.060540820683653,0.0658398159307548,0.0393415478289573,0.0277409395502228,0.6326615184812387,0.0,0.7156939524011083,0.7658280972971312,0.7433835954064536,0.0406921877989309,0.0418710552909126,0.5585016086563901,0.2943634766871218,0.4652968617209355,0.109701965757768,0.0302090898665951
Mov. 2 - W,0.7825468716703448,0.0617002637531961,0.6709986597896247,0.6439678688585029,0.0268406413613422,0.64,5.8858361706789724e-34,0.00366870804509,0.048548144533178,0.7726978815017089,0.7528187588267593,0.4940898345153663,0.4371768599995387,0.7209574725298418,0.3333333333333332,0.5384615384615385,0.8112893891106583,0.0992138209100144,0.499608653845871,0.5415239335385458,0.494284962287202,0.2198842752629577,0.4581314343482529,0.5652596438012165,0.4776575848146578,0.8044969846625858,0.4963780863524882,0.3886667192158141,0.6335642176038542,0.0167441890786295,0.1628136298893396,0.0144963228647855,0.1331158123706278,0.716966718186083,0.1863072421926699,0.4918266687139832,0.8195326248704227,0.6498014271415178,0.0502591837562091,0.0402763808359664,0.763402210301183,0.4781200379258988,0.3733553345781406,0.4638554216867472,0.018126218416727
Mov. 2 - X,0.7523940775003446,0.0698287788503654,0.671039272225153,0.6419295808533436,0.0841365001051022,0.0,1.9827059874301823e-36,0.0026956894389848,0.0294465450704325,0.6479639246401789,0.6774017751165197,0.8581560283687946,0.612844665138098,0.6519606742265649,0.9090909090909092,0.4545454545454546,0.8013574716756764,0.0780478451528573,0.5421336974672003,0.5134914418812295,0.509447210816765,0.2428466683962908,0.4507525586728752,0.5879724622009758,0.4444988938086755,0.852270503043677,0.4181295865350761,0.4663217091175906,0.5773632124337479,0.0154566759997784,0.131627040648625,0.0497061697796337,0.1025997263445954,0.7354231151319227,0.524560667543062,0.5881016778709778,0.8056731091645064,0.7284960123986943,0.0320631781729253,0.0557302736667118,0.90496284507117,0.4446547120752792,0.4285202508638175,0.034136546184739,0.0362600818011542
Mov. 2 - Y,0.6867683317725586,0.0615180206815829,0.5747065751533107,0.8640852143700546,0.1326826716568596,0.96,6.064279709547687e-35,0.0112302060652877,0.0061867467709558,0.414208848690019,0.6462956627499304,0.3540643753409713,0.4065658867465402,0.5076144084141582,0.2857142857142858,0.4285714285714286,0.7302454461111035,0.1378340317282832,0.4926374452774252,0.526172539437429,0.5198643010430606,0.3030629568861538,0.4632175179067255,0.5079198317428543,0.5577618532782336,0.8198109887024339,0.4947824239448745,0.389386919096096,0.6303262084487079,0.0463765470528988,0.1732091596362437,0.0973399391641754,0.0915096656492299,0.3276553400966291,0.9833763426111828,0.4544560248774205,0.739842601135674,0.7114800942817441,0.0812399946742656,0.0253631105577372,0.1355862145329633,0.6076858766674565,0.4652968617209346,0.4170013386880857,0.0543863002178814
Mov. 2 - Z,0.741751518879397,0.0,0.7031230962920834,0.6546597000120464,0.0544370831976236,0.88,1.1197037681501774e-34,0.006557399346666,0.0074098569272985,0.4426686142641602,0.5125523702412266,0.2132387706855794,0.2017384246820241,0.1993585171364586,0.1875,0.2666666666666666,0.8145495482944503,0.1306464966643788,0.4462092162824181,0.5839923073510942,0.4614867624074313,0.2823225173983079,0.4085450960635379,0.5914663388175475,0.4679208422436834,0.8277573922576575,0.5121653792946305,0.363140974887166,0.654320822342842,0.0193224747631138,0.1143157664073628,5.239950430113716e-06,0.06377925130688,0.4063816145365408,0.6191804045502487,0.5517608213270588,0.7554334605176924,0.7178624089201717,0.0,0.0304444710892701,0.4562447203003079,0.078940737990609,0.4579427802212124,0.3682730923694779,0.0
Mov. 3 - Cell 1,0.7019843147386915,0.3705768818310648,0.7031230962920834,0.6048337966657288,0.2086582212652317,0.4533333333333332,2.028913698357942e-33,0.0070511233397584,0.0695784445215716,0.5715709604390375,0.3806413655600058,0.5460992907801421,0.5365658554249882,0.5587061225325699,0.6000000000000001,0.3999999999999999,0.6131019495862188,0.357871749560034,0.3743253329791617,0.6156648348407152,0.4433531056409152,0.6127532086553402,0.2618400879913601,0.6757816538952516,0.4201242334068754,0.6551083094746097,0.5699955080477219,0.3289492586585397,0.6760515995472495,0.2864325457230118,0.3593820532486027,0.4939622671169529,0.1469669859313053,0.2711474669265786,0.3173448816838239,0.5013480890106305,0.6829602908657373,0.7329141239654282,0.4757852496721223,0.1292120021780524,0.256421617652226,0.3514810190734433,0.5179028926260675,0.1581325301204819,0.4381789686938573
Mov. 3 - Cell 10,0.4852014110054341,0.4717395609005395,0.5468870568167965,0.6390692085711955,0.0450540278690284,0.5216666666666666,4.971306668949552e-33,0.0159205429719714,0.113659168296965,0.6907352090794285,0.681775084787796,0.6421167484997272,0.5388365041793757,0.4947569878541684,0.7857142857142858,0.4285714285714286,0.833683652484623,0.1950554771884494,0.5401803596729867,0.5119209935981528,0.5150218399198591,0.1387617940064811,0.6631853051081116,0.3655258490347616,0.65359794826087,0.6221594877273995,0.5666343457835465,0.3113661755795824,0.6975858444854294,0.1886239255784844,0.5986983674811002,0.2560973373191889,0.562670596077606,0.4700763690973887,0.6410429519657864,0.4092103147007333,0.5784156232946804,0.5424429304833547,0.4334695927962074,0.2193470616312307,0.5300896736271635,0.2767215785560523,0.4821002090531824,0.0759036144578313,0.2970375750162456
Mov. 3 - Cell 11,0.7093632937530145,0.3874008783706797,0.7656662470048321,0.6711131623498107,0.1779783727657067,0.3849999999999999,1.8724318903764795e-34,0.1020560654207264,0.0593609585933318,0.5457377183567718,0.5164387286460942,0.3120567375886525,0.3156739096339401,0.5042797772927444,0.411764705882353,0.2352941176470588,0.7366840495760605,0.2714797524534793,0.4707976710954846,0.530711766008532,0.5185116097084297,0.4385867219535941,0.3904742244497259,0.5958162012017129,0.4672530682456274,0.671427145483654,0.5170417162894522,0.4129058133957327,0.5954003372150581,0.1259823398838955,0.5718067272926479,0.4335718384104084,0.4060976037610076,0.6033641581230198,0.1807174512914471,0.7090372953967785,0.8313737006704027,0.5362247478824278,0.4186930619803606,0.265485424253252,0.6200346977956445,0.2726924604612817,0.2995136566937346,0.158132530120482,0.2617331141775926
Mov. 3 - Cell 12,0.8833922014154894,0.451515974479644,0.5626040693660386,0.5589267470365045,0.0872091045532774,0.59,1.4511347150417716e-33,0.0162806810627933,0.2181226075287367,0.4370822347665331,0.2068870856015831,0.5044917257683215,0.3669817604874003,0.2780588545286916,0.4666666666666665,0.4375,0.7123296300600914,0.2004179642522037,0.5316046603294482,0.5320052632910011,0.4849037236495431,0.3563479688132283,0.4733065785233037,0.5678561136709392,0.4586601661601412,0.8028905805595101,0.3886079438974045,0.4781812124098259,0.5821893625718957,0.3140244399318105,0.379410540155582,0.2782859074153156,0.3682419394449706,0.3699182389453546,0.323991257250017,0.2187203147489711,0.92243361173632,0.7722519991820294,0.3751552278393917,0.1205772906052797,0.4859463425063257,0.5129860898243038,0.3711159221602567,0.2733776013143485,0.3117694277741675
Mov. 3 - Cell 13,0.7609778144947583,0.2970185060201427,0.6093083702229602,0.6134415458331799,0.0503128589351557,0.7949999999999998,1.4511347150417716e-33,0.0443740166066623,0.04439924952599,0.4954180338423586,0.6981346683888109,0.3258239465999166,0.4020038546156856,0.423975083263897,0.5294117647058822,0.1176470588235294,0.952759849407044,0.1376349343597943,0.5307240017010835,0.5035318914331308,0.5383893279066884,0.2373946983328221,0.5171202619237233,0.507914623845978,0.5340460117817554,0.7830249584500426,0.4702667161341035,0.4336216902167939,0.5824453985521182,0.0519584866669056,0.7672269091705926,0.0746876334549872,0.6462828474195698,0.1971926364177346,0.3031090638999118,0.4208539276904122,0.6171911469165652,0.67081301863033,0.1524634380347556,0.2744177688714804,0.2474408053411966,0.1065354804804883,0.5286502112243563,2.220446049250313e-16,0.1823018997744732
Mov. 3 - Cell 14,0.8509438599317214,0.6328332197489224,0.749827397149005,0.5750888611582105,0.132060250060746,0.4533333333333332,0.0,0.0434567594673813,0.2955993993683082,0.7771336405527056,0.8059117230642842,0.6421167484997272,0.3737943758090163,0.4778923790929544,0.5,0.6428571428571428,0.6518629915056948,0.1771113415472601,0.6255457552663155,0.4511169763726962,0.5503029620389642,0.13316086008147,0.7878026690460989,0.2709175543485341,0.705014796769965,0.5591344952657915,0.6156023594201769,0.2691951546017239,0.7311585741143347,0.2250067635180723,0.5278492385230633,0.4980494284524064,0.5140862365365049,0.3664105485720241,0.2311792374773795,0.4850255607249005,0.8027079091723968,0.890265624831831,0.4132402981871084,0.2406938196499067,0.6913455323643202,0.2683110088150933,0.5238581167844272,0.3995983935742973,0.5235732579029854
Mov. 3 - Cell 15,0.6149890270867111,0.4789699120459105,0.6249441579011474,0.6377996040954167,0.0834052216004359,0.7266666666666667,8.024708101613481e-35,0.1152251754591746,0.1826738685362789,0.4791554451023398,0.6254609608704299,0.3120567375886525,0.3692318826609981,0.314823925402183,0.25,0.411764705882353,0.6018236716420272,0.2481395147755901,0.5404667900911854,0.4966019871652602,0.5258146422705418,0.3315472177706078,0.6173719035555996,0.3796852548434761,0.6368535801003062,0.6156417624311399,0.5970734382487356,0.294015749067928,0.7057728456349776,0.2826677922899154,0.5447222526569518,0.3810937348532683,0.3008104410062097,0.3245762344633175,0.3390238425140753,0.8370676993596533,0.6222755992311955,0.6956480793860917,0.3802628597040586,0.1902757803953404,0.2804153946557216,0.2389983122475734,0.539366513030155,0.4370659107016301,0.3676541416612514
Mov. 3 - Cell 2,0.7698325893119495,0.2533837828233789,0.671851520935709,0.9051794789368776,0.2657441748049305,0.1116666666666665,6.179025238242381e-33,0.0125122765209656,0.1008950938481381,0.6578503499206643,0.7078573612227074,0.5906788247213781,0.492492598019547,0.6491877221440643,0.4285714285714286,0.6000000000000001,0.7706146297880592,0.1592756681754001,0.5030935896542503,0.5409654274443019,0.4904035421342336,0.3484649647618898,0.4362571563660984,0.5727540040319234,0.4719573385672281,0.832732835079409,0.4341580145011784,0.4399138953574311,0.5984080326784404,0.1208485852024002,0.3019261531719075,0.2036428135389837,0.2306073044942638,0.6830024673502567,0.239691822252245,0.3255358441338234,0.782457762884814,0.67081301863033,0.192803543770684,0.0864200145049731,0.5233815190997277,0.1879782666659822,0.4117013951353255,0.4267469879518075,0.2146783379840218
Mov. 3 - Cell 21,0.7078913311860013,0.7081913949954727,0.7187588839702705,0.5744876242056897,0.2184239205679109,0.4533333333333332,2.8246972517679455e-33,0.1176895491606398,0.4192383430816681,0.6883449555819867,0.7275182572813218,1.0,0.8504347713389541,1.0,0.6666666666666667,1.0,0.2709486342885236,0.5303573717877004,0.4008939655248658,0.5720952369604401,0.4756555738858814,0.5877806076408976,0.420168496117435,0.5286461804765097,0.5273647588495197,0.4574426589530688,0.5781523627198452,0.3484485043544338,0.6642110227759843,0.6389175437509981,0.2715854059384245,0.7886065661818835,0.2819071676665615,0.3791707020626828,0.5523410201835729,0.4417366764745998,0.8397981121779212,0.826087307481191,0.8378297490013974,0.1470457096766461,0.2668006100934171,0.8003448224981204,0.4606210802528491,0.5144578313253012,0.6117503153549178
Mov. 3 - Cell 22,0.0,0.7518968365422788,0.5937538074158297,0.4507069264754784,0.2419263667118587,0.4533333333333332,3.751551037504303e-33,0.7022140014932529,0.3247691166292333,0.656628294577617,0.6266209937443862,0.5906788247213781,0.3282831305632776,0.2673714091822686,0.3571428571428572,0.6666666666666667,0.0,1.0,0.0,0.8382362443274842,0.2903165711921347,1.0,0.1033103630779203,0.7673100230331977,0.3532313673661171,0.0323790530437687,1.0,0.0119630961632888,0.880535399478697,1.0000000000000002,0.0894795661224936,1.0000000000000002,0.0875311370732905,0.7272813276418284,0.5034372832241583,0.8362104090304476,0.0,0.7308476747064443,0.9480063670173264,0.0240735815819535,0.5276415172561391,0.8763434574892311,1.0,0.5452335658423169,0.7617598715645427
Mov. 3 - Cell 23,0.4704530360664165,0.5051708906122552,0.7812614222474892,0.5339679529817,0.1226086492725284,0.4533333333333332,4.650318344885013e-33,0.1272364621982093,0.0476422852783947,0.4195429460368185,0.4011877788248535,0.4212765957446809,0.2930155159129091,0.3003495392790072,0.375,0.4666666666666665,0.618779157648758,0.3949881105917789,0.4232782390614003,0.5661015403341313,0.4890101912620409,0.3205123148040452,0.5674839013480057,0.4275926352177327,0.6065980074922973,0.352694504474633,0.7815666872117707,0.1682839432979257,0.7729144847978751,0.453232309733273,0.8381286293415139,0.4939884668691033,0.5410693611198821,0.4025792315170421,0.3498815016771318,0.5311665733598043,0.4502545513518727,0.6625230053921394,0.4392352182148351,0.2655962511419071,0.4996734345987351,0.2493846149094347,0.6420026302240031,0.3682730923694779,0.2823286571614235
Mov. 3 - Cell 24,0.578109464958505,0.7544557605253507,0.7968769037079131,0.7300689102571515,0.2173029047261785,0.9316666666666664,3.3703774026776627e-34,0.0767351288390247,0.250670944032807,0.4296521525204215,0.4190824797870321,0.3796690307328607,0.5134443676083648,0.658893483739241,0.25,0.5625,0.4990245681925578,0.683710659662982,0.2136391223683598,0.7242605702259344,0.3660194150952925,0.6799951435824148,0.4014420679285038,0.5357243418525655,0.5340512674843281,0.2948842923060742,0.8805021917062071,0.0456373261087237,0.8747399455607217,0.5736213016594249,0.244619261531719,0.9516116777535284,0.4681893134056065,0.3047086430381243,0.7267652926657727,0.4933846229958127,0.5126464793455092,0.8385075285482095,0.611698913076636,0.3353237198205904,0.4305437791058695,0.0970656720076961,0.6992844425972216,0.5692771084337351,0.6793968120484695
Mov. 3 - Cell 25,0.0929118871889222,0.8758913567894717,0.0,0.7677588088811682,0.0979129504172339,0.8633333333333332,2.2429059144009682e-33,0.3687239877525141,0.4523971458931618,0.6355951418083441,0.5077798440576996,0.2891113892365458,0.3092458688514803,0.1980086648962443,0.2941176470588236,0.2941176470588236,0.357705156647626,0.3405255358923197,0.6404367194230203,0.3910196595998119,0.6123108697260037,0.2075264521293827,0.8327930161692634,0.1859617086548252,0.7872734186672969,0.5317922487045277,0.4728603582266396,0.4418031047502468,0.5991663919790694,0.5748680706535019,0.2951988605237209,0.6814686533065393,0.5464723011612816,0.4216131467885484,0.2771370039464826,0.5846805739428889,0.3001689703764905,0.6252569608128011,0.6908632154781473,0.3667331625678461,0.2178727945073456,0.1888406029852977,0.7267296514332859,0.2951807228915664,0.6705745193226557
Mov. 3 - Cell 26,0.5102726900928047,0.8153878102072191,0.8750152296633207,0.4290532262743965,0.1812204928069221,0.2483333333333333,1.0432120532097526e-33,0.3044612878186942,0.1361373837930952,0.6534663361985276,0.6254550490568588,0.5044917257683215,0.5134443676083648,0.4227264169223012,0.5333333333333334,0.3999999999999999,0.3165705654322698,0.1280242745630713,0.9249848652249644,0.1471520586107022,0.8104195287834537,0.3666246444586227,0.6852113027255868,0.312163946391505,0.6897945586075855,0.8167964571667496,0.001014326477135,0.946506794641886,0.2094807167726126,0.2688832535292529,0.6155626164128407,0.7056667443925981,0.4627898817668316,0.3790877957026505,0.2950340670402218,0.6911677188638929,0.8145029619126305,0.6956507700752308,0.681925694779715,0.2677402760239823,0.2425173812230396,0.3067625520335251,0.4033408187192551,0.1998428496595075,0.6911662398226366
Mov. 3 - Cell 27,0.7668809977062132,0.6422283242315562,0.5937538074158297,0.8693553746776568,0.3214407091129261,0.8633333333333332,5.302994603816243e-33,0.0591351019886403,0.6587870363189205,0.6606876257542678,0.5449019311318938,0.6352583586626142,0.3524178887421222,0.4567337727805974,0.3571428571428572,0.7333333333333334,0.6116618335487206,0.2817627372419962,0.5575306454370951,0.458999773258548,0.5703764296256206,0.4215408506250093,0.5784718466469899,0.3783799589363169,0.659308480395722,0.7014668189936586,0.4677721814389072,0.4190409173362768,0.6126973101755858,0.311524382890092,0.7066155363208065,0.5927693924015476,0.4249903518927834,0.5851926367801692,0.1624912510470375,0.3719540765538274,1.0,0.6459618137397349,0.7469390290123953,0.2242381115441164,0.5710408672615771,0.4854360756136999,0.2434368467088091,0.5990911012470939,0.4793929895646187
Mov. 3 - Cell 28,0.4660275652757555,0.7049510967562593,0.625005076554439,0.6509487234196858,0.1966423282262348,0.4533333333333332,1.0432120532097526e-33,0.0303108103707832,0.4915941379708,0.6316748750808974,0.2734819223213925,0.4212765957446809,0.3521886418369888,0.3597909083637415,0.375,0.375,0.2739181814172187,0.5289995360940045,0.4370755965224593,0.5277935601878673,0.5180892671188735,0.7023606829914351,0.3954191398929074,0.5254972890552668,0.5409828997646974,0.4842621818599715,0.56177718226435,0.3720065477553858,0.6423839828466356,0.6049714302477562,0.4975172564917278,0.858880274992598,0.2522085394519874,0.433619521099564,0.3604735445344316,0.373715896560195,0.4536251925845906,0.8819863743501974,0.7106245449302807,0.1939960508860854,0.4492504170281826,0.231093090838361,0.7661101220200611,0.2951807228915664,0.6293987232903943
Mov. 3 - Cell 29,0.5220694734260896,0.9845609652303532,0.7343743654306945,0.6056826212201802,0.2629243222289668,0.7266666666666667,6.4197664812907865e-34,0.0733496336119925,0.274130240694623,0.6040272958094426,0.2932091160910366,0.3900709219858156,0.4473171941983843,0.6593531090412992,0.5,0.25,0.2021739612867599,0.5575458875737722,0.4321299091415301,0.5621182683063463,0.4705656843831316,0.723666659114087,0.3302837913354189,0.6325893365050147,0.430330270886163,0.3376916460443623,0.6116410741787013,0.3291944853045725,0.6809393532220969,0.8557789780079725,0.3154333296811659,0.8084798117809804,0.136133038627513,0.2709221972563097,0.4275432488693887,0.4521395659834448,0.4873513290802185,0.8757762638166877,0.8730204844058882,0.0955480689308719,0.4952370124742289,0.2769605945367641,0.7386649131839982,0.1124497991967873,0.9176484079354764
Mov. 3 - Cell 3,0.7226262897995355,0.1815200835063725,0.6405799455793346,0.6443327482171749,0.0425533316205202,0.2483333333333333,0.0,0.0140910297189004,0.0833978518485579,0.7049312269369432,0.6842485685434762,0.4628841607565013,0.3885105815632989,0.3373156379288141,0.3333333333333332,0.5333333333333334,0.7219822451862195,0.1340759846403217,0.5379255966950527,0.4961420356181859,0.5342493861308389,0.3439462421058845,0.4349018381116725,0.5553612587837929,0.5012716538694405,0.8290420257409135,0.4220833089014996,0.4661538116838364,0.5774365877283415,0.1372440049153662,0.2918023446915747,0.1775216606450899,0.1819808441216715,0.6227350791969196,0.1863458942328824,0.5157391430997744,0.7217511555075351,0.7494618621721392,0.1573577399407864,0.1408838822939648,0.4493389191374107,0.6160684794856074,0.4999906949622534,0.4596385542168677,0.0970222850808454
Mov. 3 - Cell 30,0.6371010480966461,0.4780997068078354,0.5625025382772186,0.5981290295715093,0.0935945428573319,0.9316666666666664,2.206794727943708e-34,0.0657683283319119,0.2088080386137986,0.4980634060327698,0.501986076686185,0.2523988318731749,0.3123838252394234,0.3206506240090578,0.2777777777777777,0.2941176470588236,0.764737348799183,0.2361783377364958,0.4678417857964962,0.5562897518878169,0.4866974763706736,0.4624795541542017,0.3456457900954118,0.6516404097185398,0.4129630947159985,0.6599580592010708,0.5710389213791583,0.3348756358938918,0.663702448513132,0.1673066204248466,0.2614747452613124,0.217798539625815,0.4870820615373818,0.3959960067287411,0.2594820139608245,0.4892186215498348,0.6526135618999191,0.6873688289044582,0.4217880522593881,0.3188328908363096,0.6069144178129914,0.191782563056232,0.5131263065823842,0.3092009983668693,0.3617445816291425
Mov. 3 - Cell 31,0.7831032518301697,0.7191456713753002,0.9687487308613888,0.4218603727130169,0.1714908409206862,0.7266666666666667,1.2839532962581572e-34,0.0275299872080066,0.1984690961244488,0.5320093474610776,0.5995848353628078,0.5906788247213781,0.3282831305632776,0.555629233294362,0.3333333333333332,0.6666666666666667,0.6029603092081959,0.2829114694234685,0.5867124798792869,0.4729569809737189,0.5347470088389453,0.5218583814942073,0.4334159823381642,0.5798745241280926,0.4536867429400586,0.7951837861756734,0.277067499850146,0.5847169369792866,0.5067648764788576,0.3905255335030458,0.730207077900734,0.5988136752226321,0.4222783566642108,0.218564186637865,0.326572266143808,0.3248272665934881,0.8634057502525785,0.739129615877216,0.4023421434783428,0.2538679950050941,0.4642194661227706,0.2947998697857079,0.3937954008300086,0.5692771084337354,0.620576430564581
Mov. 3 - Cell 34,0.6621723271840096,0.3077303571207168,0.7343540592129294,0.5964366519223079,0.0,0.5216666666666666,8.024708101613481e-35,0.0612656062393418,0.0698448142999573,0.5255713401649964,0.559988653084797,0.5044917257683215,0.4680363790211412,0.3715564476235586,0.6000000000000001,0.3333333333333332,0.8471069700741708,0.1091548437004767,0.5811950302257352,0.4785775554314929,0.541709803194342,0.2809703553771392,0.4757140817467087,0.5588189614073338,0.4765664052895585,0.8193683635093543,0.3870152734355649,0.4983642395363872,0.550980488860384,0.0958268278611308,0.5987071326832477,0.2157811587102383,0.5464758095639057,0.4665340701714294,0.4259463569827275,0.6494337547401665,0.6779087121652099,0.666663975977527,0.2087034572581665,0.2140343037267307,0.5956504533977519,0.3116829442038428,0.4832928047244785,0.1124497991967872,0.1676235617904514
Mov. 3 - Cell 36,0.8621530082089599,0.2885809052112068,0.7031230962920834,0.5746538163843121,0.0640897398570179,0.836,8.902076187389891e-35,0.0212651896185538,0.0807796440219018,0.5746042996010865,0.5370510119986619,0.2340425531914893,0.1187751258498915,0.2079555790705949,0.1333333333333333,0.4285714285714286,0.7371228297693708,0.4368748929861404,0.2893110597678106,0.6875780142428023,0.3858770421494046,0.4621023737098646,0.2966685299260579,0.7211479085008085,0.3397010524031019,0.5141214311444655,0.6769424327047977,0.2622957933759872,0.7065331224590412,0.1660533323772055,0.2479807165552753,0.2621494800659185,0.2873065993053362,0.2790036530235511,0.2145547428260771,0.5077569456498312,0.7065766952374899,0.757762638166886,0.2354002299142908,0.1709597646117809,0.0794987576848834,0.4610407902071022,0.515513048764601,0.5807937632884481,0.2029165551775543
Mov. 3 - Cell 37,0.7241135853099507,0.3391151935287553,0.671851520935709,0.6749281736168541,0.0871880826995942,0.3166666666666665,9.657736200291826e-33,0.0318230556583321,0.1201604215641469,0.575432728826724,0.6844360945540598,0.5460992907801421,0.3408431790096254,0.55870612253257,0.4666666666666665,0.5333333333333334,0.7585867493210622,0.1461795859847598,0.5512577777214626,0.5116497198017342,0.5051588317081467,0.3281680595475302,0.4853256387214864,0.5532674447387428,0.4709374914667342,0.8238546330457008,0.4157576345646868,0.4564569061209834,0.5917199330459397,0.050684011695182,0.2344998356524596,0.1875614056691024,0.2495140862365364,0.4999961219191163,0.3252603883031477,0.447725777355217,0.755481675151711,0.6459618137397349,0.3002508692106812,0.1227068829557947,0.5267925288175381,0.3863503183724704,0.4164671253016397,0.3450164293537789,0.2235044531936852
Mov. 3 - Cell 38,0.6371029647145718,0.3795889117326504,0.7187385777525055,0.4460368984510705,0.1212535582700015,0.6583333333333333,8.024708101613481e-35,0.1183362222212277,0.0239933784013068,0.1839386653589385,0.1233509336294126,0.3258239465999166,0.3029147394494164,0.3717991957084328,0.4705882352941177,0.1764705882352941,0.7919672071677358,0.318515486155087,0.4104879463224182,0.5687561597641971,0.4997649163798285,0.4243971061054972,0.3659110002601339,0.6221826684440025,0.4506209181991593,0.6389132768094021,0.5500599226972434,0.399222651300276,0.5919948765693834,0.3353547831925759,1.0,0.3811015947789131,0.6463565238746799,0.2501875845983015,0.6621709807697487,0.7380750036202766,0.5042154931151694,0.757762638166886,0.4056295770125243,0.3015764160136011,0.2479047224878485,0.1250411100097632,0.6587113763391503,0.0759036144578313,0.264684071709797
Mov. 3 - Cell 39,0.8509438599317214,0.7167904952552976,1.0,0.5809392971098668,0.0844528087769951,0.7266666666666667,6.687256751344569e-36,0.0505306885436706,0.0702810218936497,0.0,0.0,0.1300236406619386,0.0987112680398277,0.1047567240550989,0.3157894736842106,0.0526315789473683,0.3685889404503386,0.312426340503605,0.6415315047688788,0.3746001020834496,0.6349681081900455,0.494463796213739,0.5534987905294365,0.4074465272829126,0.6286148719770562,0.7184986770831043,0.3016589163926136,0.6116394351090089,0.4738529873230528,0.4231322096658008,0.315428947080092,0.8205788573240099,0.4735782198365086,0.0,1.0,0.1740264139676237,0.8296796137569498,0.8799172344020745,0.6264912016463589,0.2730166520455298,0.0825746132773876,0.3224825807055739,0.4988074043287043,0.0759036144578313,0.6176369404839265
Mov. 3 - Cell 4,0.6193972483160444,0.5304915893306981,0.5628071315436785,0.6492582204662467,0.0374134055787051,0.7266666666666667,2.583956008719541e-33,0.003545391358154,0.1778159349640528,0.4205863890520036,0.3872656060742667,0.273049645390071,0.3740103336193433,0.3739177481057772,0.1176470588235294,0.411764705882353,0.8915492605544207,0.2917473364407354,0.373473853592344,0.6797857701465506,0.365825845459208,0.3302468685925055,0.4005687124413145,0.6668684305045205,0.3700981550477995,0.6149658187561529,0.6290962713629245,0.2346739594334249,0.7581807110803418,0.300236641644366,0.5887673934480113,0.2621992595950042,0.5088236326000772,0.2116765061594788,0.3003770133456229,0.1960150956768869,0.6407944018426761,0.7184382163959819,0.3941282305979937,0.2406457515187572,0.1408339523338204,0.297333019292764,0.5393975298226459,0.5837032339885861,0.3676159168227514
Mov. 3 - Cell 40,0.4498072277697211,0.6971680710119977,0.6562360394752851,0.5792323178302405,0.0725467678336891,0.1799999999999999,2.9557674840942997e-34,0.0547607449363124,0.2675944846513304,0.6780457398638164,0.5620411881593855,0.3258239465999166,0.3029147394494164,0.3717991957084328,0.411764705882353,0.2352941176470588,0.6920078666380776,0.2681654180077614,0.5541914444406764,0.5035045448756839,0.512335230684288,0.330564206780535,0.586692673818366,0.455263784354629,0.5483201701514586,0.6487398718198467,0.4922226054284533,0.3836606126148054,0.6451560499981446,0.2112059271235,0.5278799167305798,0.3730373110670369,0.62746026734028,0.4028314084349257,0.4994902384707623,0.593602024042895,0.6694777259348701,0.5362328199498441,0.5372670163221474,0.2792833101775834,0.3949751272981591,0.4323027149867766,0.4140819339590458,0.158132530120482,0.444099996177516
Mov. 3 - Cell 41,0.811126122523266,0.6711423986929371,0.6093692888762536,0.5904028051039311,0.0280343464201259,1.0,6.4197664812907865e-34,0.0113198054510757,0.0937130755472058,0.5962333306238117,0.2968021427462214,0.3510638297872341,0.2463302234843404,0.380236476909202,0.1875,0.4705882352941177,0.3790931208344361,0.494783612394267,0.4067267670762046,0.5856247570174743,0.4583754762577514,0.6010505707072267,0.445221921675982,0.5292242734558912,0.5135147309624508,0.5358753168157566,0.5674616482950111,0.3460356830413237,0.6656775216505403,0.5447761194029849,0.3390380190643148,0.7943607653471597,0.2090165947444128,0.1248096402835049,0.1809185121052944,0.125668721790769,0.9578428772740324,0.7971005133834872,0.6886890721002661,0.1457026725422312,0.0869105798674196,0.4343539092418452,0.3603810102789656,0.5565481741206313,0.470574519322656
Mov. 3 - Cell 42,0.7491848643973213,0.6511833963376611,0.953133249400965,0.5057882519104993,0.0300717002789705,0.59,8.024708101613481e-35,0.1060618423632801,0.1566477617574196,0.4236332951394228,0.4813644532777619,0.3120567375886525,0.4183946924392221,0.314823925402183,0.3125,0.3529411764705883,0.5071713680304121,0.4050503543606861,0.4955380583239115,0.5031924028823637,0.5353845910167886,0.4408484261551697,0.5389314930578232,0.4336136505454159,0.6078565008253418,0.5885002190994377,0.4661315729752466,0.4515985024612348,0.581893607548573,0.4557421453553371,0.7234797852525469,0.6935755587752136,0.3817984071852083,0.1876378802017112,0.2600479220135723,0.445025778019138,0.620572746020648,0.8509304403043689,0.535757971391637,0.1976649440198168,0.1343640112023519,0.0698468817392744,0.630072020992166,0.3289629104653913,0.4382171935323573
Mov. 3 - Cell 43,0.7123148853587438,0.5830450370428146,0.5937335011980647,0.7983136142772718,0.1615892729106383,0.59,3.6111186457260665e-33,0.0748265340843902,0.2113925425585129,0.577945773122551,0.4573237103994121,0.3900709219858156,0.2320470734117878,0.4837993857053428,0.25,0.5,0.611416736154798,0.0310853260480688,0.8563861757402497,0.2166515699844096,0.7609198960959396,0.2419045163157105,0.7965403209604036,0.1863597774299256,0.8110982328183272,0.8262742249271344,0.2723623093370516,0.6315403390538379,0.4470306805970168,0.1146375569194863,0.8853336255067383,0.3568982637424248,0.4708767498158088,0.3622567738062381,0.410086293377952,0.7350996009516648,0.661044548130258,0.6397517032062243,0.3533384126550118,0.243646731623785,0.5771039207574922,0.283601979963139,0.4797150177105893,0.5144578313253012,0.4323305684033484
Mov. 3 - Cell 44,0.3185514823572859,1.0,0.7031230962920834,0.0,1.0,0.8633333333333332,6.4197664812907865e-34,0.9999999999999998,0.8762125410823037,1.0000000000000004,0.9229052770864044,0.3258239465999166,0.1806849257195996,0.2514158888884632,0.2941176470588236,0.3529411764705883,0.4330837503536675,0.3217569244268726,0.59015438742691,0.4238511621801571,0.5937594770967243,0.3964190332469881,0.6531553268244611,0.3268142179358435,0.6849999091781109,0.6770416569985196,0.4216561500041565,0.4904655512946408,0.5583625222125085,0.3353515236657942,0.2918111098937219,0.7681583932216,0.3763884503385609,0.4858061754633074,0.1510414981268562,0.7914473990434336,0.6711630465512286,0.0,0.6677593492235513,1.0,0.1489957886992102,0.5449489796222344,0.1038194078273979,0.3450164293537787,1.0
Mov. 3 - Cell 45,0.8391451599805073,0.2353989571373159,0.7031027900743183,0.6654462085272732,0.0974109034531761,0.8633333333333332,4.49383653690355e-33,0.0112641073095937,0.084954089052767,0.8410425371550363,0.8577202843511186,0.3900709219858156,0.4911914182719072,0.380236476909202,0.375,0.3529411764705883,0.7278754771438177,0.1805452893539829,0.4962857743820682,0.5317650968359936,0.5052939615284109,0.3754300415297917,0.4090710050310291,0.5868718521955354,0.4684848442366038,0.8005413015088245,0.4515748338874034,0.4384032110823997,0.5949028433795909,0.1296835325447451,0.3997458091377225,0.2641642410062801,0.2063256499315859,0.5344936683565011,0.1166380163119504,0.5457756923988741,0.7841474666497197,0.7370577852399549,0.2138886065714914,0.0840057370751278,0.0198931082258426,0.3012423742642861,0.4486873693417614,0.2775916500225501,0.1882114598065823
Mov. 3 - Cell 46,0.2698828033674942,0.8890684917281995,0.312492385168337,0.1546188432804108,0.7758117556686309,0.3166666666666665,4.774701320460022e-34,0.4771642909490921,1.0,0.7677948808587876,0.7165968992639825,0.4628841607565013,0.4393190349166509,0.5935273922869733,0.3333333333333332,0.5,0.6792434182863026,0.3625351545320091,0.4455419820048962,0.5658767304479404,0.4807997712217963,0.5156919294066693,0.4780863552601944,0.4899273808038115,0.5610874267002343,0.6842270174989997,0.5365715351398622,0.334786728862724,0.6792232274597645,0.3265752478055235,0.6897469047879916,0.6955903197155754,0.5788653825913063,0.8233151588670666,0.1878915496157044,0.787490976064106,0.93086021481811,0.1387157878875937,0.5442641300246069,0.9002396003757541,0.6745862444167305,0.7060532011148035,0.0,0.4322289156626506,0.6411643285807117
Mov. 3 - Cell 47,0.6415265188873143,0.8554609126338311,0.7968565974901498,0.6150941911419547,0.0984472323620257,0.1799999999999999,7.650221723538187e-34,0.0913698378493144,0.4150477931299436,0.5303139623193069,0.3810229324828171,1.0,0.5646379928365436,0.5699547067697375,0.8333333333333333,0.75,1.0,0.1887212078615619,0.5799100999852274,0.5636751355738182,0.4287660113053109,0.3685009729498505,0.4942401163862472,0.6226399982316883,0.3775793869112068,0.7151310132080133,0.4234264924161709,0.3921506502187403,0.6597233122605755,0.2061829963525893,0.989876191519666,0.3246437488701355,1.0,0.6156347611239666,0.5628597082658671,0.5110855291494789,0.6222602582112806,0.6169777103311676,0.3759757796236799,0.4291599344663842,0.5809157383567153,0.4765447135489244,0.4940339199642685,0.245345016429354,0.7029280226291043
Mov. 3 - Cell 48,0.8288222558321614,0.46217375622407,0.8124923851683352,0.8555314184080441,0.3753626821585636,0.59,3.473361156648369e-33,0.007839998376154,0.1784049944563904,0.7582582537705118,0.6348900683640221,0.3900709219858156,0.4473171941983843,0.5313942174580787,0.3125,0.4375,0.6373192002257846,0.1030185740630424,0.663387468463678,0.4112968593482545,0.5858487518563428,0.2445570304781297,0.6394329412124857,0.391349894033739,0.6097309481770313,0.8205410913329703,0.3742484985669759,0.4917645227897103,0.5716635258813338,0.089557128096143,0.4840495233921333,0.213763777794662,0.2684138511735608,0.3934097832108993,0.1757405488444309,0.3281088072882823,0.9376058804320913,0.7660445793376587,0.459513459569818,0.1457127176146183,0.3385548820399517,0.305966360517147,0.3568016724254511,0.3995983935742975,0.4823363021291234
Mov. 3 - Cell 49,0.6887194020742378,0.4272458595027938,0.6874873086138944,0.6065678810200561,0.058845521913685,0.59,4.1888976290422366e-33,0.0410878547941934,0.0624863044648711,0.5557587924802458,0.3854858702634883,0.2891113892365458,0.6036715291923818,0.3709108980836647,0.1666666666666667,0.411764705882353,0.9808845450172148,0.2476081326345951,0.3667892034439116,0.6807441449860712,0.3737654834901419,0.3915185094036659,0.3611505171976595,0.6660453652690668,0.3955649892613632,0.6815111261827811,0.656159615661658,0.1887039470943284,0.7930244544387328,0.1484991508932733,0.7909104853730691,0.2742485256089477,0.4978739080096833,0.2240952826271454,0.0862817553927523,0.5279571814270105,0.6762233915488514,0.6625256960812784,0.2814439053026502,0.2455505317437398,0.0515043000641317,0.2481448126549188,0.4821002090531808,0.5255138199858258,0.338213371048507
Mov. 3 - Cell 5,0.6105616396781173,0.4700053044583686,0.3751776794054322,0.7169169584362439,0.093058026827843,0.5216666666666666,9.696522289449625e-34,0.1351452573214067,0.1691715001526594,0.7139863912959545,0.860697530452004,0.5044917257683215,0.3094276679923953,0.2303844614152614,0.1999999999999999,0.6875,0.7642827562499298,0.2796103798081881,0.4669414446378834,0.5495822542183801,0.4971905076919637,0.3280373810562256,0.4673120257864862,0.5495298448292679,0.4971337642287972,0.6801671457944518,0.4719259403894696,0.4454623862306201,0.5760306626263414,0.3040013950774624,0.709902487126109,0.3831111157688446,0.4654246921376697,0.3948533916265707,0.2654275741913158,0.7249793258011255,0.5851722467800293,0.8509277496152299,0.4459137363383781,0.2239588845830794,0.2678638352647331,0.4480999258052923,0.6551211826082644,0.7405873493975905,0.3823324796452734
Mov. 3 - Cell 50,0.8052267725476625,0.5479646695991686,1.0,0.631540688306576,0.0931195962308349,0.3849999999999999,2.1345723550291865e-33,0.0591023748737822,0.2684468108886364,0.8860486013327735,1.0,0.69012547735952,0.3288531175521642,0.4655850072454335,0.5384615384615385,0.7142857142857142,0.6359883870137188,0.417980603334352,0.3806874022310276,0.631438874006293,0.4191393472720717,0.5082970190774176,0.4689373477826669,0.4965621476664246,0.5593641544712631,0.5620184404440294,0.6657749829602528,0.1892539991241629,0.8020033728834564,0.4218772918547684,0.5110069025966912,0.5000327496901875,0.4816756130933586,0.5423125143342895,0.1591541589598789,0.6052270442010546,0.6846543777791902,0.9979281693627362,0.4467034587041996,0.2622348457057103,0.2562752148021727,0.5440844233329317,0.6694509407393165,0.4204819277108433,0.3735101869194603
Mov. 3 - Cell 51,0.6562748938263319,0.5079606919766524,0.8593591357673702,0.6176937588902254,0.092102170805785,0.59,1.5648180798146291e-34,0.0315737503354101,0.2488413432990584,0.6573385503903899,0.6539610043338017,0.5941080196399349,0.5197048969839545,0.4227264169223012,0.5714285714285714,0.5714285714285714,0.9577084429444076,0.1595913486512447,0.4863058955821782,0.6080136623999237,0.4132091351403759,0.3795676063676039,0.3618529999297168,0.7031473936527185,0.3355785681661559,0.7375062625778432,0.529695057751906,0.294506708719369,0.7291134933840194,0.0920653339548164,0.5818209707461379,0.1250671368648851,0.5707574641265835,0.4606611402896846,0.3262252736175297,0.4084952423446324,0.8060719756822916,0.784677601627326,0.2293081996139252,0.3022376309622943,0.9056050424868836,0.2860788361502665,0.4606195294132237,0.2951807228915664,0.4146859829517218
Mov. 3 - Cell 52,0.7654071185212743,0.5400273384266646,0.7812614222474892,0.5126981214929751,0.2574968606347564,0.1116666666666665,2.4675977412461456e-33,0.120347617551674,0.0976481744302635,0.628832919423076,0.593167847002717,0.8581560283687946,1.0,0.9258261508424648,1.0,0.4615384615384614,0.4949983151861549,0.3621301907829176,0.441384297092286,0.550198945769006,0.4964713450712166,0.5088327286065089,0.4644660979749094,0.476271820884208,0.5802573353468378,0.5558365051716954,0.6639741651464097,0.2396436293568757,0.740637528728059,0.2525791005661797,0.3255483729593514,0.4778625194205663,0.2117215731677368,0.5251529420227576,0.5988539993414584,0.5527104451987248,0.8364252793709293,0.8861273449355824,0.7243073063584847,0.1277788782943232,0.4217724340247237,0.7436105506730288,0.4976132578177829,0.0,0.6352853484194032
Mov. 3 - Cell 53,0.7904783976086414,0.7237173416674522,0.671871827153474,0.5826403932259605,0.1770586364518714,0.8633333333333332,2.8246972517679455e-33,0.1231403635092603,0.3547014242685119,0.6045282878252536,0.5215761795139972,0.215686274509804,0.3123838252394234,0.1953983511902723,0.1111111111111111,0.3529411764705883,0.5975561447515294,0.197137429107166,0.701955518777464,0.3541454408419089,0.6441354231937966,0.1642784928383345,0.880294624302586,0.1265879261587983,0.8576541903263216,0.6322714139827315,0.474126050274116,0.4240860774917969,0.6107390557577895,0.2249986147011178,0.4638062890325408,0.449640146404215,0.4951759463916081,0.2504038133642078,0.3754444097355892,0.5805821431465132,0.7453631767307414,0.8592123814751425,0.4151299025500471,0.2611977386003491,0.3069941597361669,0.188056306433572,0.5465391462938036,0.5338058114812192,0.6058751576774588
Mov. 3 - Cell 54,0.6326774939239037,0.5696222282018077,0.4374974617227778,0.7326050801181971,0.1835039512292807,0.6583333333333333,6.018531076210111e-35,0.0969051826418218,0.3093405727750223,0.7291544159594396,0.6660811392330298,0.2340425531914893,0.2501119210440089,0.3206506240090578,0.2222222222222223,0.2777777777777777,0.7935638567656168,0.1360887163660396,0.6101588878976445,0.4438194675861134,0.5734238918343539,0.4159038080739536,0.4903441760549899,0.4962651217416233,0.5504818299411123,0.8028372619443409,0.4352426072009824,0.4316988979714398,0.60918260460259,0.0807792224724814,0.6256776596910267,0.2137690177450921,0.5680700277163807,0.4587260891189688,0.1857246351126864,0.6844284335241033,0.8128154497219979,0.7701855499230454,0.2335004916354681,0.2618679414839311,0.5634832813107344,0.095880106270999,0.4474947736704661,0.3450164293537785,0.5088108252742631
Mov. 3 - Cell 55,0.4557065777453317,0.6295073597443741,0.7187588839702705,0.4654652681701811,0.3192918483249699,0.8633333333333332,2.9490802273429546e-33,0.0918794769522202,0.2952691522099401,0.7355036144228535,0.726043560172097,0.4569402228976698,0.4097695343373424,0.555629233294362,0.3999999999999999,0.6000000000000001,0.5330968153216337,0.1255214873026967,0.69641222582661,0.3998550413026794,0.5803410850805731,0.2774241694290396,0.6166656294591352,0.4399784010622067,0.5485887211186434,0.6963673296262829,0.3992282075886738,0.4826954044888606,0.5779641102792462,0.253834018377212,0.3154333296811659,0.272225904742941,0.3628986422481846,0.3557120499900307,0.046443219344009,0.764875898001969,0.7571669957680704,0.6149058796939055,0.3084639874556484,0.1998579135927143,0.4618463889845206,0.4296461486906311,0.3973747386835231,0.4518072289156629,0.7588165590000385
Mov. 3 - Cell 56,0.7668829143241425,0.7915467991033037,0.8281484790642892,0.6624456071681568,0.0800921727226436,0.59,1.2799409422073504e-33,0.1901197363412509,0.197017343016544,0.5736283849180794,0.5638723709114691,0.5460992907801421,0.3955227550402854,0.4308809742524027,0.5333333333333334,0.4666666666666665,0.4589767408759524,0.5568454030910835,0.3777603460731422,0.600799917714343,0.4559079721725584,0.6953947900356234,0.445601129988264,0.4827203134097422,0.5809983136484146,0.5501619781336446,0.5792650138571301,0.3042250511089578,0.7045173627419613,0.6626536459436818,0.8752141996274786,0.9818514316854556,0.5140722029260079,0.5290296400548335,0.2069645320225921,0.3614705324104097,0.922429228587772,0.8178053663104183,0.761890407851237,0.3133019349809584,0.4740475121018019,0.1913285886699784,0.3973747386835231,0.2475117862755369,0.5588089140323381
Mov. 3 - Cell 57,0.5663126816252202,0.6506521148985349,0.5937538074158297,0.4535878974630816,0.2403761046840235,0.5216666666666666,4.971306668949552e-33,0.1002616763165672,0.1180377262238636,0.6719368905065881,0.5822560496290595,0.5460992907801421,0.4458058146452439,0.4308809742524027,0.3999999999999999,0.6000000000000001,0.6520635667824731,0.2933194161555565,0.5715797968090125,0.4611023205089791,0.5617690311694832,0.3245062973098105,0.5640824260201451,0.4698719295978858,0.5504272720611848,0.5742426012480748,0.4766183885869872,0.4516891860068059,0.5763865606128734,0.2099493795490768,0.9224235783937764,0.5020553705561942,0.6031540539592324,0.2233800687950508,0.1719885212783946,0.2675293043646318,0.453625192584588,0.7039327112460025,0.7156536790790371,0.2738184946655868,0.2518927804729228,0.2723330840462953,0.6634848607035854,0.4518072289156629,0.62645541072589
Mov. 3 - Cell 58,0.5677865608101591,0.4984953200865968,0.5937538074158297,0.5133036986877562,0.2103973828202115,0.2711111111111109,2.145331408113572e-32,0.4394734649686169,0.5534089732137272,0.8298678316395671,0.6834033220493433,0.670921985815603,0.455421229493908,0.4705766921228921,0.4545454545454546,0.7,0.7306873167531217,0.4178438943356238,0.2474271729198161,0.7731711555646388,0.2936725210940504,0.0878994759057583,0.294667968900186,0.8669319979212016,0.169057892538757,0.0,0.9161094915156146,0.1123497278755701,0.7992887902587255,0.1020932680993372,0.0726153171907526,0.2157785387350234,0.3143002490965862,1.0,0.3803667401969169,0.9677568512229,0.4468795269706076,0.9999999999999992,0.3854810912447292,0.2325780923784524,1.0,0.7652181876568175,0.8389034323182588,0.4801957831325303,0.2146859829517219
Mov. 3 - Cell 6,0.7609835643485354,0.3279509392579284,0.7343540592129294,0.6894197603089682,0.1167114915629517,0.7266666666666667,3.473361156648369e-33,0.0553752715452887,0.050606861017293,0.5123721737646845,0.5370296100208273,0.3796690307328607,0.3094276679923954,0.2499999999999999,0.3125,0.3999999999999999,0.8633243689801089,0.359594299503215,0.3418598643939201,0.6414802843785864,0.4327824251386794,0.6249025427335275,0.2114716518981052,0.7407408946499794,0.3657091409816794,0.6033250739021745,0.633368336385886,0.2890770445183677,0.6863172877055055,0.2262502729853679,0.8246346006354772,0.3427923171846795,0.4978774164123076,0.3277972193511036,0.5879571276126279,0.6460375595713286,0.7790893132263701,0.7101455124686522,0.2896878483112034,0.2600648548682071,0.4458203319365697,0.0762274516052784,0.436755209270299,0.3682730923694779,0.3293910783226941
Mov. 3 - Cell 7,0.7639313227184132,0.5190195624545106,0.7031434025098484,0.4350267364674129,0.1364247273142026,0.5216666666666666,2.5679065925163143e-34,0.0178005364920492,0.0699330074296881,0.5736591602836785,0.4537577580459065,0.3900709219858156,0.2941862254807312,0.3015766300761426,0.375,0.3529411764705883,0.7073753811328483,0.2223403733079427,0.5033571418515261,0.5593406526927354,0.4616073811738746,0.4332062091347937,0.4043814663334742,0.6162396129506175,0.4280669653819492,0.7852260340248889,0.417835963156951,0.4333765623915155,0.6215423696900453,0.2162190793140652,0.2344823052481645,0.2540878163292576,0.2171174964038872,0.4501217680481921,0.2002937867151868,0.2161367875434965,0.7318718455027797,0.6563128948586314,0.2277396072510621,0.1780641156723645,0.1710839538302637,0.2272840639074992,0.4391404006128928,0.2775916500225501,0.4411605060968618
Mov. 3 - Cell 8,0.5412414025378496,0.6464739710862154,0.6562563456930484,0.6195448774136023,0.1205832721046193,0.6583333333333333,2.206794727943708e-34,0.0147723100605682,0.2057990981555115,0.5333277681179718,0.5167619545147464,0.4628841607565013,0.3885105815632989,0.3984121577531651,0.3125,0.5,0.4378433177661107,0.4187371111367537,0.4862085888866443,0.5051949859516143,0.5328388551946528,0.4989654921303241,0.5089729343139925,0.4566046828389314,0.5847304826756817,0.4605894814714802,0.6051655682002904,0.3441680524908833,0.6484574422974585,0.4933619737086569,0.777416456667032,0.5746234440622189,0.4519804932814092,0.2720989694076887,0.4851922640178573,0.2852271717823231,0.4991573396918207,0.6770177477855608,0.621232082150472,0.2229300605538742,0.2147070900596794,0.0,0.61575156789886,0.4518072289156627,0.5323343908871984
Mov. 3 - Cell 9,0.5958075148853261,0.2926531660762562,0.7343946716484577,0.6188525063489202,0.0751106432952352,1.0,4.1888976290422366e-33,0.04533246927435,0.0673517938194777,0.79953964302514,0.8152900548291467,0.2523988318731749,0.2563040137681102,0.3314128183869147,0.3529411764705883,0.1764705882352941,0.7345735385492408,0.368671894156266,0.2886970182721149,0.7093108593970032,0.3603991591004038,0.4275508637757568,0.2944509684262297,0.7237897034783798,0.340325316830767,0.6029332482808876,0.6424538215144505,0.2662145310779807,0.7140701715051754,0.1221589149687246,0.170426207954421,0.3286758907260734,0.1982212398694875,0.4039001360619269,0.2582142993485071,0.6245381794816347,0.649240729092929,0.6418208431543473,0.2861030284414217,0.093358695798681,0.0641310235006941,0.7657051753953008,0.4892604355998342,0.1521739130434783,0.2735063644356101
