Feature,K2_M1_n,K2_M2_n,K2_M1_Median,K2_M1_Q1,K2_M1_Q3,K2_M1_IQR,K2_M2_Median,K2_M2_Q1,K2_M2_Q3,K2_M2_IQR,K2_M1_Mean,K2_M1_SD,K2_M2_Mean,K2_M2_SD,HL_Shift_K2_M2_minus_K2_M1,HL_CI_Lower,HL_CI_Upper,Cliffs_Delta_K2_M2_vs_K2_M1,Delta_CI_Lower,Delta_CI_Upper,MannWhitney_U_K2_M1,MW_p,MW_BH_q,Movie1_Delta,Movie1_Delta_Sign,Movie2_Delta,Movie2_Delta_Sign,Movie3_Delta,Movie3_Delta_Sign,Movies_Matching_Pooled_Direction,Direction_Consistent_All_Movies,Any_Movie_Direction_Reversal,Stratified_Delta,Stratified_Permutation_p,Stratified_BH_q,Stage2_Abs_Rank
a_std,39,69,0.7081913949954727,0.6413752550776914,0.778124792482629,0.13674953740493756,0.2835134289629804,0.0940757424794048,0.3874008783706797,0.2933251358912749,0.7110898356879168,0.12529208623597615,0.26376573127401154,0.1666098810382253,-0.44454636739176867,-0.5107909548835974,-0.39308692496314585,-0.9791898922333705,-0.9977703455964325,-0.9494611668524712,2663.0,3.6450923842102154e-17,1.6402915728945969e-15,-1.0,negative,-1.0,negative,-0.9415584415584416,negative,3,True,False,-0.9589509692132269,9.999000099990002e-05,0.0004999500049995,1
g_sharpness_index,39,69,0.6117503153549178,0.5255931710990629,0.685281525935553,0.15968835483649013,0.2085151863259681,0.0785520431176177,0.2991284736821986,0.22057643056458087,0.6111467194064829,0.1602299851606051,0.21082726450630182,0.13372096005144146,-0.4018615496349527,-0.45588853637093374,-0.3455907648790184,-0.9531772575250836,-0.9881085098476403,-0.9048680787811223,2628.0,2.4035289335273874e-16,5.407940100436621e-15,-1.0,negative,-1.0,negative,-0.8733766233766234,negative,3,True,False,-0.9110604332953249,9.999000099990002e-05,0.0004999500049995,2
f_early_std,39,69,0.611698913076636,0.4425744772766066,0.719980492718761,0.2774060154421544,0.1923594176089402,0.0993798722267161,0.2861030284414217,0.18672315621470562,0.5988929316654161,0.17391846422834295,0.20384799597256553,0.12424364750763411,-0.3906332566279554,-0.46302662217226,-0.3268007886595659,-0.9308807134894092,-0.9732441471571907,-0.8676885916016354,2598.0,1.165570336640632e-15,1.748355504960948e-14,-1.0,negative,-0.9791666666666666,negative,-0.8181818181818182,negative,3,True,False,-0.8677309007981756,9.999000099990002e-05,0.0004999500049995,3
d_initial_peak_to_trough_magnitude,39,69,0.6653937019340948,0.48123704749753027,0.8205089019019602,0.33927185440443,0.1875614056691024,0.0766264151141129,0.2641642410062801,0.18753782589216722,0.6360226158104353,0.21945339998424263,0.19212427985103175,0.13235958181654617,-0.4514374494017284,-0.5461905482060979,-0.3665423925089666,-0.913786696395392,-0.9777220364176885,-0.8260869565217391,2575.0,3.81318646917279e-15,4.2898347778193884e-14,-1.0,negative,-0.8541666666666666,negative,-0.9188311688311688,negative,3,True,False,-0.9110604332953249,9.999000099990002e-05,0.0004999500049995,4
d_slope_magnitude,39,69,0.4589767408759524,0.3251915551580217,0.6152204955987393,0.2900289404407176,0.7659645164373857,0.7143053731278018,0.8167567756364474,0.1024514025086456,0.4672438790523124,0.20662366942865024,0.7646856836716435,0.09740063270664429,0.29003215937770704,0.21748983197818705,0.35950768842953557,0.8416945373467113,0.705685618729097,0.9435154217762913,213.0,4.470649974309486e-13,4.023584976878538e-12,1.0,positive,0.90625,positive,0.8603896103896104,positive,3,True,False,0.8814139110604333,9.999000099990002e-05,0.0004999500049995,5
d_initial_magnitude,39,69,0.4218772918547684,0.24287630421815354,0.5747156877764483,0.3318393835582948,0.1208485852024002,0.0798698145003308,0.1974522995425931,0.1175824850422623,0.4257974868330002,0.205890384337604,0.1419596182748585,0.09804889838069213,-0.2570788772885953,-0.3561521938245005,-0.1835244378077326,-0.8260869565217391,-0.9160163507989595,-0.7175771088814568,2457.0,1.1930708241196306e-12,8.94803118089723e-12,-1.0,negative,-0.8541666666666666,negative,-0.788961038961039,negative,3,True,False,-0.8198403648802737,9.999000099990002e-05,0.0004999500049995,6
b_band_power_high,39,69,0.2615714320205347,0.1584097572725428,0.33973527044887264,0.18132551317632983,0.0673517938194777,0.0294465450704325,0.113659168296965,0.0842126232265325,0.28726002311820437,0.20120749502874596,0.08848820153132574,0.09002111299455134,-0.16415831531268602,-0.21783994987134342,-0.11768889825489835,-0.7807506503158677,-0.8914901523597176,-0.654384986993683,2396.0,1.8677740224490486e-11,1.2007118715743884e-10,-0.9710144927536232,negative,-0.8020833333333334,negative,-0.5974025974025974,negative,3,True,False,-0.6716077537058153,9.999000099990002e-05,0.0004999500049995,7
b_band_power_mid,39,69,0.0767351288390247,0.0465962331981511,0.1251884128537348,0.07859217965558371,0.0140910297189004,0.004378084967461,0.0443740166066623,0.0399959316392013,0.14150030292463997,0.19546540600945206,0.035938166600058205,0.063715223127701,-0.0557573220674939,-0.0792597627574806,-0.03650420540693149,-0.6893348197696024,-0.8164251207729468,-0.5503344481605354,2273.0,3.0428271354062678e-09,1.7115902636660256e-08,-0.7971014492753623,negative,-0.4895833333333333,negative,-0.5811688311688312,negative,3,True,False,-0.5781071835803877,9.999000099990002e-05,0.0004999500049995,8
d_poly_peak_c2,39,69,0.4698719295978858,0.35131656713903564,0.5426270933409167,0.1913105262018811,0.6503443535443524,0.5553612587837929,0.7169124327722651,0.16155117398847219,0.45150535002343406,0.21301419835814708,0.6315690280372576,0.14990757168610006,0.1804390024710169,0.11461001901972756,0.24648644894699717,0.5607580824972129,0.36007060572277966,0.7398736529171311,591.0,1.4160693756752842e-06,7.08034687837642e-06,0.6521739130434783,positive,0.11458333333333333,positive,0.672077922077922,positive,3,True,False,0.548460661345496,9.999000099990002e-05,0.0004999500049995,9
d_poly_peak_c3,39,69,0.5610874267002343,0.4772826618488098,0.6873972338928482,0.21011457204403844,0.4280669653819492,0.3355785681661559,0.4866393286700998,0.1510607605039439,0.5916575479723816,0.19940208019616945,0.4211097647862905,0.1509246140628548,-0.15787481422875582,-0.22830236711120244,-0.09961652673134974,-0.5540691192865106,-0.7250092902266815,-0.36157562244518765,2091.0,1.887003075235723e-06,8.491513838560755e-06,-0.7391304347826086,negative,-0.08333333333333333,negative,-0.672077922077922,negative,3,True,False,-0.548460661345496,0.00019998000199980003,0.0008999100089991002,10
d_poly_peak_c1,39,69,0.5089729343139925,0.4311594313908247,0.6352636151900304,0.2041041837992057,0.3708597338221813,0.2835873878570469,0.4581314343482529,0.17454404649120597,0.5185801568805907,0.22222904184380618,0.380679467050538,0.13674266357439172,-0.1489326000622061,-0.215379093212871,-0.08377796380409003,-0.4708286882199926,-0.6700111482720178,-0.2560386473429952,1979.0,5.148307652402397e-05,0.00020389023673708583,-0.30434782608695654,negative,-0.10416666666666667,negative,-0.5357142857142857,negative,3,True,False,-0.42303306727480045,0.0015998400159984002,0.005999400059994001,11
f_late_std,39,69,0.243646731623785,0.1595741389004808,0.2765509024215851,0.11697676352110428,0.1449276137103202,0.0557302736667118,0.2336508133600413,0.1779205396933295,0.27672948691041593,0.19710073948106407,0.1529809678675068,0.09897945321704875,-0.09371974202242253,-0.13553340773371028,-0.05315414162374711,-0.4693422519509476,-0.6469713861018209,-0.28128948346339677,1977.0,5.437072979655622e-05,0.00020389023673708583,-0.6521739130434783,negative,-0.3333333333333333,negative,-0.288961038961039,negative,3,True,False,-0.3272519954389966,0.013398660133986601,0.0334966503349665,12
d_poly_trough_c0,39,69,0.5885002190994377,0.48497100173015295,0.708298916100836,0.223327914370683,0.7571417555328654,0.6591399234898314,0.8193683635093543,0.16022844001952286,0.598281378897705,0.18399211370096297,0.7253070630187254,0.13855444145442875,0.1274553276640662,0.07377426279007127,0.18953107886165776,0.44555927164622816,0.2433853586027499,0.6417688591601635,746.0,0.00012745780909352092,0.0004412001084006494,0.36231884057971014,positive,0.22916666666666666,positive,0.4577922077922078,positive,3,True,False,0.4002280501710377,0.0018998100189981002,0.006427928635707857,13
d_final_magnitude,39,69,0.5092538621671965,0.3204908513202587,0.716691136189328,0.39620028486906933,0.2479807165552753,0.131640188451846,0.5718067272926479,0.4401665388408019,0.5276139201026828,0.23833149887659533,0.33811378783263735,0.2563947564500238,-0.2038347759395197,-0.29674164566670336,-0.12622997012596066,-0.4351542177629134,-0.6127833519137867,-0.2582683017465626,1931.0,0.00018271364208231165,0.0005872938495502874,-0.855072463768116,negative,-0.2604166666666667,negative,-0.19155844155844157,negative,3,True,False,-0.25883694412770814,0.05219478052194781,0.11184595826131673,14
a_mean,39,69,0.6149890270867111,0.4608670715105436,0.7668819560151778,0.3060148845046342,0.7435241567268633,0.6887194020742378,0.7989210033836684,0.11020160130943069,0.582252527678953,0.21404520875631788,0.7456676992539951,0.10257106854942284,0.1331691689750194,0.053714750664834554,0.21598306881042362,0.42623560014864365,0.19806763285024154,0.632125603864734,772.0,0.00024729531527488456,0.0007418859458246537,0.6231884057971014,positive,0.4479166666666667,positive,0.288961038961039,positive,3,True,False,0.3500570125427594,0.0071992800719928,0.021597840215978402,15
d_poly_mag_c0,39,69,0.3621301907829176,0.22263847194137804,0.5201058962378406,0.2974674242964626,0.2098306085613502,0.1376349343597943,0.2952170247127453,0.157582090352951,0.3662873465958353,0.20963223703284786,0.2270844437914475,0.11898677616736324,-0.13646835988145684,-0.20303627595353158,-0.06063797479899119,-0.42251950947603123,-0.6254366406540319,-0.21439985135637338,1914.0,0.0002801041586446305,0.0007877929461880233,-0.9710144927536232,negative,-0.1875,negative,-0.44155844155844154,negative,3,True,False,-0.427594070695553,0.0008999100089991,0.0036814500368145004,16
d_final_peak_to_trough_magnitude,39,69,0.4575869206750168,0.285162965301898,0.5140792197312564,0.22891625442935837,0.2363089874319407,0.1247973897484475,0.438164403746974,0.3133670139985265,0.41947650222229155,0.17042463648796796,0.2824232613689594,0.18567058543062123,-0.14360613376143522,-0.21452640679338003,-0.07488334561274251,-0.409884801189149,-0.5815681902638424,-0.22777777777777805,1897.0,0.00042459946715356237,0.001123939765994724,-0.8840579710144928,negative,-0.3020833333333333,negative,-0.07467532467532467,negative,3,True,False,-0.18814139110604333,0.16378362163783622,0.27297270272972707,17
d_poly_mag_c2,39,69,0.5051949859516143,0.3954373504512456,0.5680280066345511,0.1725906561833055,0.5793418732814319,0.5119530991412489,0.6797857701465506,0.16783267100530175,0.48531239670735854,0.17635928214917657,0.5938622334918641,0.12336812726021468,0.09500506816567933,0.039144002726849814,0.1526838481225831,0.38684503901895206,0.17577108881456707,0.5875325157933851,825.0,0.0008809549398898377,0.002202387349724594,0.5942028985507246,positive,0.25,positive,0.3246753246753247,positive,3,True,False,0.3295324971493729,0.011498850114988501,0.030702812071734,18
d_poly_mag_c3,39,69,0.5258146422705418,0.46481723452211915,0.6030351734113639,0.13821793888924477,0.4616073811738746,0.3737654834901419,0.5178748229103912,0.14410933942024934,0.5478808334176717,0.15141720723714047,0.44956996387235365,0.11610201585320107,-0.07588465418633306,-0.12898855334166706,-0.03318511268060961,-0.38312894834633965,-0.5778706800445931,-0.17725752508361203,1861.0,0.000987586566927904,0.002339020816408194,-0.6811594202898551,negative,-0.22916666666666666,negative,-0.32142857142857145,negative,3,True,False,-0.3295324971493729,0.0115988401159884,0.030702812071734,19
a_kurtosis,39,69,0.1615892729106383,0.09875920276256381,0.2411512356979411,0.1423920329353773,0.0973976224667908,0.0675854921254949,0.1674667185828047,0.0998812264573098,0.21446312047027946,0.19915652680815257,0.1316655434877693,0.10204399608753663,-0.0480039989588146,-0.08912803691211431,-0.019926901183709503,-0.3534002229654404,-0.5444072835377183,-0.1549424005945748,1821.0,0.0023800251929117786,0.0053550566840515025,-0.21739130434782608,negative,-0.6666666666666666,negative,-0.34415584415584416,negative,3,True,False,-0.4047890535917902,0.001999800019998,0.006427928635707857,20
d_poly_mag_c1,39,69,0.522459393223886,0.4038103663005352,0.6329912373446679,0.2291808710441327,0.4462092162824181,0.3347702485102126,0.5307240017010835,0.19595375319087088,0.5227424081411245,0.21405845479788757,0.4345569080800191,0.1350844804915471,-0.08423291325943,-0.1478659252303936,-0.022585871903931163,-0.28279450018580454,-0.4975845410628019,-0.06649944258639938,1726.0,0.01507578686701275,0.032305257572170176,-0.2753623188405797,negative,-0.20833333333333334,negative,-0.24025974025974026,negative,3,True,False,-0.2360319270239453,0.0731926807319268,0.14971230149712303,21
e_autocorr_lag1,39,69,0.3557120499900307,0.25259957676708855,0.4276163339440562,0.17501675717696763,0.4250548317443178,0.3276553400966291,0.5205968615224508,0.19294152142582166,0.3559683016351205,0.17121008331960633,0.42966555542078194,0.16957465395540633,0.07851649873464028,0.011503526061368655,0.1396319200503835,0.2716462281679673,0.05091044221479004,0.48717948717948717,980.0,0.01956378047169946,0.040016823692112534,0.6811594202898551,positive,0.5729166666666666,positive,0.14285714285714285,positive,3,True,False,0.2793614595210946,0.0316968303169683,0.07131786821317868,22
d_poly_peak_c0,39,69,0.4607915705706045,0.32627183918301805,0.6329914918075712,0.30671965262455314,0.3795676063676039,0.2968305074906847,0.4404548775635777,0.14362437007289303,0.4829746103690137,0.23340235600539522,0.37924671243995006,0.12261466073598885,-0.08652213291827579,-0.16421692762123347,-0.009556050415067519,-0.26495726495726496,-0.48645484949832773,-0.027870680044593088,1702.0,0.02278355604512072,0.044576522696975325,-0.7391304347826086,negative,-0.3645833333333333,negative,-0.22077922077922077,negative,3,True,False,-0.29304446978335236,0.025097490250974904,0.059441424278624776,23
f_early_autocorr,39,69,0.2804153946557216,0.21962944700490233,0.49055338488113387,0.27092393787623154,0.4563542513854681,0.2773042371804494,0.5585016086563901,0.2811973714759407,0.3410538614292227,0.18768407863555614,0.43233687180274777,0.22736889363368776,0.07175422795037639,0.004917869222847646,0.18421621109106093,0.23894463024897808,0.021906354515050172,0.454477889260498,1024.0,0.040055321938093004,0.07427792398820768,0.4492753623188406,positive,0.53125,positive,0.03896103896103896,positive,3,True,False,0.17901938426453815,0.17678232176782321,0.2841144456982873,24
a_skew,39,69,0.5892979828915578,0.5092431867017372,0.6566971652939213,0.14745397859218412,0.6402976355516891,0.5814957021161095,0.6749281736168541,0.09343247150074463,0.5821723316962377,0.17235971216359072,0.6376812999334145,0.1191589720797037,0.043575599246066465,0.0024489214123959435,0.08669804531653658,0.23745819397993312,0.012987736900780386,0.45375325157933827,1026.0,0.041311938396998725,0.07427792398820768,0.4492753623188406,positive,-0.010416666666666666,negative,0.2694805194805195,positive,2,False,True,0.22234891676168753,0.09769023097690231,0.1911330606069828,25
c_std_time_between_peaks,39,69,0.3288531175521642,0.2921263303113823,0.41408211338828227,0.12195578307689997,0.4065658867465402,0.3029147394494164,0.4959031195137963,0.1929883800643799,0.3650358458573222,0.1709919149993134,0.4334387313546425,0.19283825827485981,0.061410550569592826,0.00542324768404664,0.11080465882302121,0.2356001486436269,0.025631735414344114,0.4414715719063545,1028.5,0.04291613385985332,0.07427792398820768,0.6086956521739131,positive,0.4114583333333333,positive,0.09415584415584416,positive,3,True,False,0.20410490307867724,0.1166883311668833,0.2187906209379062,26
f_delta_mean,39,69,0.4988074043287043,0.4003577787013891,0.6273658058472866,0.22700802714589752,0.4580224186449889,0.4285202508638175,0.4959445543817419,0.06742430351792439,0.503275391219304,0.1918399296149609,0.46066654604709595,0.07827197113587124,-0.05565194923687311,-0.11428264717290045,0.000876641060810035,-0.23225566703827574,-0.45746934225195096,0.007060572277963582,1658.0,0.045975631156676654,0.07662605192779443,0.9710144927536232,positive,-0.6458333333333334,negative,-0.18506493506493507,negative,2,False,True,-0.19498289623717213,0.1394860513948605,0.2510748925107489,27
f_early_mean,39,69,0.6861402651366548,0.56764237774135,0.8220912878347901,0.2544489100934402,0.7450410153125286,0.7065766952374899,0.8004768865619241,0.09390019132443417,0.6719387202760467,0.19870435000926903,0.7445180928578568,0.08376395352985597,0.05716940649976987,-0.006745665613980378,0.11808421343303532,0.2192493496841323,-0.027870680044593088,0.45559271646228167,1050.5,0.05960600179738979,0.09579536003151931,-0.5217391304347826,negative,0.6822916666666666,positive,0.09090909090909091,positive,2,False,True,0.1721778791334093,0.18708129187081293,0.29029855635126145,28
b_spectral_flatness,39,69,0.5215761795139972,0.41286487793567916,0.6154817836784562,0.20261690574277702,0.6038026651043146,0.4537577580459065,0.6834033220493433,0.22964556400343678,0.5201823061874967,0.20188662863374876,0.5578087732442945,0.1874848145939559,0.0596783047564623,-0.021658295766115332,0.12057163076580238,0.16090672612411744,-0.05016722408026756,0.3808992939427722,1129.0,0.16710140894536296,0.2592952897428046,0.15942028985507245,positive,0.6979166666666666,positive,0.032467532467532464,positive,3,True,False,0.1881413911060434,0.15228477152284772,0.26356979686646725,29
g_asymmetry_index,39,69,0.3637048192771088,0.24642840135244545,0.4831325301204821,0.23670412876803662,0.328404527199708,0.1855421686746988,0.4267469879518075,0.24120481927710868,0.3707741581821933,0.1980689500243194,0.32180437001678636,0.18203591634990815,-0.050655372686919886,-0.12182061579651937,0.023447211305113066,-0.14752879970271274,-0.35525826830174656,0.06837606837606838,1544.0,0.2053155973207822,0.3079733959811733,-0.2753623188405797,negative,0.3645833333333333,positive,-0.2727272727272727,negative,2,False,True,-0.13340935005701257,0.3117688231176882,0.43842490750924906,30
d_poly_trough_c2,39,69,0.3921506502187403,0.28160545183482594,0.4952305446775968,0.21362509284277087,0.3780789225178049,0.2622957933759872,0.4399138953574311,0.1776181019814439,0.4272650579079711,0.23658428745105656,0.3546697713961288,0.14064306764454781,-0.04030767748661401,-0.10888197304225927,0.022369490631672758,-0.1452991452991453,-0.3600891861761427,0.07766629505759941,1541.0,0.21230304622543605,0.3081818412949878,-0.014492753623188406,negative,-0.3541666666666667,negative,-0.045454545454545456,negative,3,True,False,-0.11060433295324969,0.403959604039596,0.53465241711123,31
c_mean_trough_to_peak_time,39,69,0.4666666666666665,0.3431372549019608,0.6000000000000001,0.2568627450980393,0.4166666666666667,0.3333333333333332,0.5384615384615385,0.20512820512820534,0.469425481374755,0.18640568507439265,0.4262560033979471,0.16408795454950723,-0.0384615384615386,-0.1009615384615386,0.03571428571428581,-0.12671869193608323,-0.34080267558528426,0.09960052025269403,1516.0,0.27666116225706383,0.389054759423996,0.2898550724637681,positive,0.28125,positive,-0.36038961038961037,negative,1,False,True,-0.16875712656784492,0.201979802019798,0.30296970302969706,32
d_poly_trough_c3,39,69,0.6423839828466356,0.5536138027102746,0.7183459348602688,0.16473213214999416,0.6335642176038542,0.5821893625718957,0.731972471525657,0.14978310895376135,0.5979052049025474,0.19585623597805896,0.6577314037416393,0.12290085218157806,0.025166730375664415,-0.022576422846894206,0.0790133556190683,0.115570419918246,-0.10293571163136381,0.32740616871051625,1190.0,0.321485460990793,0.438389264987445,0.014492753623188406,positive,0.3125,positive,0.022727272727272728,positive,3,True,False,0.08551881413911061,0.5212478752124787,0.6701758395589013,33
b_band_power_low,39,69,1.0432120532097526e-33,4.004843318655321e-34,3.166591905639351e-33,2.766107573773819e-33,1.7893394834960605e-33,2.5679065925163143e-34,4.51018234121764e-33,4.253391681966009e-33,2.3411225662620597e-33,3.045085219435586e-33,3.8994859659365546e-33,5.629443170523902e-33,2.0859424757393544e-34,-2.9587355758624e-34,1.2312911493413067e-33,0.09698996655518395,-0.12003901895206243,0.31512448903753254,1215.0,0.4056424987573882,0.5368797777671315,0.028985507246376812,positive,-0.11458333333333333,negative,0.09253246753246754,positive,2,False,True,0.04218928164196117,0.7512248775122488,0.8245151094646633,34
d_poly_trough_c1,39,69,0.4922226054284533,0.4003539119676047,0.6136217167994391,0.21326780483183438,0.5309402102312581,0.4367677021601802,0.633368336385886,0.19660063422570578,0.4885463591453939,0.22540963194099553,0.5339805813620994,0.1339340047341529,0.027040404623108416,-0.0377679258882912,0.09713629604347601,0.08807134894091416,-0.140115198810851,0.3132850241545891,1227.0,0.45039853537988894,0.5790838312027143,-0.10144927536231885,negative,0.22916666666666666,positive,-0.04220779220779221,negative,1,False,True,0.012542759407069544,0.927007299270073,0.927007299270073,35
f_late_autocorr,39,69,0.3224825807055739,0.2182054667430569,0.5020754571589351,0.2838699904158782,0.3164251358277086,0.2234823768019726,0.4551119978455825,0.23162962104360987,0.39267480484639034,0.23506494937450048,0.3402360309086516,0.1722195509746494,-0.03245759876961829,-0.12584689989259584,0.04497886177768712,-0.08509847640282422,-0.31477146042363435,0.14306949089557786,1460.0,0.465900125287399,0.5823751566092487,-0.7101449275362319,negative,-0.07291666666666667,negative,-0.10714285714285714,negative,3,True,False,-0.1470923603192702,0.26587341265873415,0.38594527644009796,36
c_mean_peak_to_trough_time,39,69,0.3571428571428572,0.2720588235294118,0.5,0.2279411764705882,0.3846153846153846,0.3076923076923077,0.5,0.1923076923076923,0.39574587767907604,0.19786243211047985,0.41049273616409154,0.16569459175035414,0.020833333333333204,-0.041666666666666796,0.09049773755656099,0.07952434039390562,-0.15570419918246006,0.30884429580081696,1238.5,0.49532805543543634,0.6024260133674226,0.37681159420289856,positive,-0.125,negative,0.0698051948051948,positive,2,False,True,0.05131128848346632,0.7012298770122988,0.8091113965526524,37
c_std_time_between_troughs,39,69,0.4227264169223012,0.2891403185815151,0.5452383598518566,0.2560980412703415,0.4118581886778301,0.3083446946796604,0.56883715013965,0.26049245545998956,0.4232359192967277,0.19273314274278686,0.4618479300811734,0.21109729702945854,0.02381502270881536,-0.05114857169937498,0.10097309926048453,0.07543664065403195,-0.1508732813080639,0.29914529914529914,1244.0,0.5182503887152141,0.6137175655838062,0.2463768115942029,positive,0.24479166666666666,positive,-0.08279220779220779,negative,2,False,True,0.014823261117445887,0.918108189181082,0.927007299270073,38
e_autocorr_lagk,39,69,0.326572266143808,0.19743834465037186,0.49234125124430983,0.294902906593938,0.3003770133456229,0.2343677298370052,0.4069732973330976,0.1726055674960924,0.3631569924906511,0.20992744685472076,0.34227170868491125,0.18798006155733396,-0.015907669817170067,-0.08834913686431664,0.04928523128730539,-0.06057227796358231,-0.2954292084726867,0.16910070605722752,1427.0,0.604394337879456,0.697378082168603,-0.014492753623188406,negative,-0.041666666666666664,negative,-0.16233766233766234,negative,3,True,False,-0.1242873432155074,0.36066393360663934,0.4918144549181446,39
b_dominant_freq,39,69,0.59,0.4533333333333332,0.8633333333333332,0.41,0.59,0.4821052631578947,0.8000000000000002,0.31789473684210545,0.6192060278902385,0.24912636058998927,0.5944201874819723,0.2433993554336733,-0.009234234234234195,-0.13666666666666671,0.0799999999999998,-0.044221479004087696,-0.27573392790784096,0.19064474173169813,1405.0,0.7056633072232972,0.7938712206262094,-0.6231884057971014,negative,-0.13541666666666666,negative,0.00974025974025974,positive,2,False,True,-0.07183580387685284,0.5852414758524147,0.7315518448155184,40
a_median,39,69,0.6562563456930484,0.6068005523291218,0.7812614222474892,0.1744608699183674,0.671039272225153,0.6389148357226961,0.7031230962920834,0.06420826056938722,0.6770538604845515,0.18663266300769218,0.674441314469092,0.07957056243572941,-0.0012589855013587226,-0.061302998244913004,0.04609511432400559,-0.030100334448160536,-0.2683203270159792,0.21369379412857645,1386.0,0.7979996907597271,0.8758533191265298,0.4057971014492754,positive,0.16666666666666666,positive,-0.1737012987012987,negative,1,False,True,-0.05359179019384263,0.6884311568843116,0.8091113965526524,41
f_late_mean,39,69,0.7039327112460025,0.6211173355719843,0.8509290949597994,0.22981175938781506,0.7221163884494093,0.666663975977527,0.7561455339941645,0.08948155801663749,0.6940039231695766,0.20556442234026423,0.7091868496176785,0.0870602873078242,-0.0082631063467975,-0.08080455641298989,0.04552915092613663,-0.026755852842809364,-0.2723894463024898,0.21740988480118886,1381.5,0.8203678477824552,0.8789655511954877,1.0,positive,-0.125,negative,-0.15422077922077923,negative,2,False,True,-0.0570125427594071,0.6745325467453255,0.8091113965526524,42
b_spectral_entropy,39,69,0.6040272958094426,0.5105218933294395,0.6749913151852023,0.16446942185576274,0.583536345842059,0.4980634060327698,0.7353674104768197,0.23730400444404998,0.5846354272499829,0.17449002782605408,0.5845091344660368,0.17579161821203182,0.005590572719508025,-0.05726195898403841,0.06989705137176044,0.021924934968413228,-0.19139725009290226,0.23745819397993312,1316.0,0.852845039154528,0.8925122502779944,0.014492753623188406,positive,0.34375,positive,-0.08116883116883117,negative,2,False,True,0.019384264538198363,0.8912108789121088,0.927007299270073,43
e_hurst_exponent,39,69,0.4930994890502393,0.35764371059876476,0.5902902965131116,0.23264658591434684,0.4892186215498348,0.3546948401664225,0.6245381794816347,0.2698433393152122,0.4890630046845855,0.19236430701103305,0.4860592070530824,0.20263043654560672,-0.004413788628227777,-0.0780184211460249,0.07245882391204812,-0.011519881085098476,-0.23301746562616127,0.21516164994425863,1361.0,0.9235659264533145,0.9387493599903225,0.42028985507246375,positive,0.21875,positive,-0.08116883116883117,negative,1,False,True,0.02394526795895093,0.8562143785621438,0.9173725484594397,44
c_avg_time_between_peaks,39,69,0.4212765957446809,0.3258239465999166,0.5460992907801421,0.22027534418022549,0.4500818330605567,0.3380614657210401,0.5460992907801421,0.20803782505910196,0.4635102878002658,0.2013645644581467,0.4419836633309998,0.14835782574693154,0.0,-0.06686930091185417,0.06424697538589902,0.00929022668153103,-0.21962095875139354,0.23485693050910442,1333.0,0.9387493599903225,0.9387493599903225,0.5362318840579711,positive,0.2552083333333333,positive,-0.20616883116883117,negative,2,False,True,-0.046750285062713864,0.7243275672432756,0.8148685131486851,45
