Feature,K2_U1_n,K2_U2_n,K2_U1_Median,K2_U1_Q1,K2_U1_Q3,K2_U1_IQR,K2_U2_Median,K2_U2_Q1,K2_U2_Q3,K2_U2_IQR,K2_U1_Mean,K2_U1_SD,K2_U2_Mean,K2_U2_SD,HL_Shift_K2_U2_minus_K2_U1,HL_CI_Lower,HL_CI_Upper,Cliffs_Delta_K2_U2_vs_K2_U1,Delta_CI_Lower,Delta_CI_Upper,MannWhitney_U_K2_U1,MW_p,MW_BH_q,Movie1_Delta,Movie1_Delta_Sign,Movie2_Delta,Movie2_Delta_Sign,Movie3_Delta,Movie3_Delta_Sign,Movies_Matching_Pooled_Direction,Direction_Consistent_All_Movies,Any_Movie_Direction_Reversal,Stratified_Delta,Stratified_Permutation_p,Stratified_BH_q,Stage1_Abs_Rank
a_std,29,59,0.7191456713753002,0.6711423986929371,0.7915467991033037,0.1204044004103666,0.2126001462966174,0.08889256985385095,0.3352289382281775,0.24633636837432654,0.7483391505963198,0.10396404983257107,0.22746544736239932,0.1498702990578575,-0.5330449907507092,-0.584554845374108,-0.46517274066480097,-1.0,-1.0,-1.0,1711.0,3.2004074599870224e-14,9.45313433045558e-13,-1.0,negative,-1.0,negative,-1.0,negative,3,True,False,-1.0,9.999000099990002e-05,0.0005624437556244375,1
g_sharpness_index,29,59,0.620576430564581,0.5588089140323381,0.722143648943083,0.1633347349107449,0.1882114598065823,0.07402622223921096,0.2676197393066013,0.19359351706739036,0.6518490458016961,0.1467016525115715,0.1878332697524065,0.12336449039221134,-0.45589618133863385,-0.5196552119567295,-0.403857488916473,-0.9953243717124488,-1.0,-0.9812974868497955,1707.0,4.2013930357580357e-14,9.45313433045558e-13,-1.0,negative,-1.0,negative,-0.9752321981424149,negative,3,True,False,-0.9848771266540642,9.999000099990002e-05,0.0005624437556244375,2
f_early_std,29,59,0.6296434919652587,0.5442641300246069,0.7307792511201986,0.18651512109559165,0.1741482225675801,0.08871737670478215,0.24244684038884046,0.15372946368405832,0.6342244370549992,0.1662011523703161,0.18868391418303332,0.12220336926973925,-0.45905589196538477,-0.5218252572761563,-0.3830667243771218,-0.9590882524839275,-0.9918176504967855,-0.907656341320865,1676.0,3.356917741405599e-13,5.035376612108399e-12,-1.0,negative,-0.9714285714285714,negative,-0.9009287925696594,negative,3,True,False,-0.9319470699432892,9.999000099990002e-05,0.0005624437556244375,3
d_initial_peak_to_trough_magnitude,29,59,0.7056667443925981,0.5927693924015476,0.8553171087001515,0.26254771629860396,0.169821553488104,0.06523738285435801,0.2591234086925537,0.19388602583819567,0.6936546154201263,0.21555615265122943,0.1778000587715884,0.13079415670236835,-0.5547535762574778,-0.6243155180378176,-0.4579821474888849,-0.9286966686148451,-0.994155464640561,-0.8293395675043834,1650.0,1.8093426537566641e-12,2.035510485476247e-11,-1.0,negative,-0.8571428571428571,negative,-0.9442724458204335,negative,3,True,False,-0.9281663516068053,9.999000099990002e-05,0.0005624437556244375,4
d_slope_magnitude,29,59,0.4330837503536675,0.307626674588488,0.5975561447515294,0.2899294701630414,0.764737348799183,0.7145726914909427,0.8156531619654488,0.10108047047450608,0.41862813666889587,0.19056256658061982,0.7625265883649325,0.09373001515327761,0.33800577360241296,0.26089891178655783,0.41367488067883373,0.9181765049678551,0.8293395675043834,0.9812974868497955,70.0,3.2023281828410852e-12,2.882095364556977e-11,1.0,positive,0.8857142857142857,positive,0.9628482972136223,positive,3,True,False,0.947069943289225,9.999000099990002e-05,0.0005624437556244375,5
d_initial_magnitude,29,59,0.4933619737086569,0.2688832535292529,0.6049714302477562,0.33608817671850333,0.1208485852024002,0.06762703190750755,0.17105060139680328,0.10342356948929574,0.46470353049914587,0.20975931405314727,0.13269000579494628,0.0913565315372032,-0.33177764361182777,-0.426895333335506,-0.2181992418340709,-0.891291642314436,-0.9614260666277031,-0.7954412624196376,1618.0,1.338884489967942e-11,1.0041633674759565e-10,-1.0,negative,-0.8714285714285714,negative,-0.913312693498452,negative,3,True,False,-0.9130434782608695,9.999000099990002e-05,0.0005624437556244375,6
b_band_power_high,29,59,0.2615714320205347,0.1566477617574196,0.3247691166292333,0.1681213548718137,0.0593609585933318,0.025575320362317,0.0848077010211008,0.0592323806587838,0.30049782190662194,0.2208911787767446,0.06893949229515865,0.057432880678115986,-0.1822155825539642,-0.23815103279985703,-0.1235462480030809,-0.8877849210987726,-0.9614260666277031,-0.7895967270601987,1615.0,1.6086814896706463e-11,1.0341523862168441e-10,-0.9696969696969697,negative,-0.9142857142857143,negative,-0.7585139318885449,negative,3,True,False,-0.8260869565217391,9.999000099990002e-05,0.0005624437556244375,7
b_band_power_mid,29,59,0.0733496336119925,0.0358441470018244,0.1644965989867725,0.1286524519849481,0.0125122765209656,0.004314347302691901,0.0316984029968711,0.027384055694179198,0.1580819496264161,0.22441608386776735,0.021978296780053943,0.02456078752814689,-0.056194683034925995,-0.0891837875132354,-0.0303629552686394,-0.7568673290473408,-0.8772647574517826,-0.6014026884862653,1503.0,9.273804267639266e-09,5.216514900547087e-08,-0.7878787878787878,negative,-0.7142857142857143,negative,-0.6346749226006192,negative,3,True,False,-0.6748582230623819,9.999000099990002e-05,0.0005624437556244375,8
f_late_std,29,59,0.2538679950050941,0.1653880886226769,0.3133019349809584,0.14791384635828148,0.1227068829557947,0.0499071545768719,0.21665962299592867,0.16675246841905678,0.29476458357825885,0.22080007000603855,0.1375207587692302,0.09441551362583989,-0.11368931852195219,-0.1676256935814305,-0.0688872399590835,-0.5639976621858562,-0.7451782583284629,-0.3489187609585038,1338.0,1.8792374660110308e-05,9.396187330055153e-05,-0.6666666666666666,negative,-0.5285714285714286,negative,-0.3931888544891641,negative,3,True,False,-0.46313799621928164,0.0012998700129987,0.004178153613210107,9
d_poly_peak_c3,29,59,0.5610874267002343,0.4574315594688224,0.6897945586075855,0.23236299913876313,0.4201242334068754,0.33763981028462886,0.47711199505210816,0.1394721847674793,0.5975202720642386,0.22080737547298868,0.4165455398186308,0.12403279668480476,-0.1664996967600439,-0.2455796331102961,-0.09315846456369412,-0.5558153126826417,-0.7545295149035651,-0.3337229690239626,1331.0,2.4797349937481644e-05,0.0001115880747186674,-0.7272727272727273,negative,-0.12857142857142856,negative,-0.653250773993808,negative,3,True,False,-0.5236294896030246,0.0005999400059994001,0.0026997300269973002,10
d_poly_peak_c2,29,59,0.4566046828389314,0.3268142179358435,0.5697710205795974,0.2429568026437539,0.6516404097185398,0.5587339570669335,0.7190301706365367,0.16029621356960322,0.45348069659426576,0.2362937545435033,0.639038399316331,0.12606716837696635,0.18519931626618724,0.10535589893286564,0.26476196787494066,0.5406195207481005,0.30447106954997083,0.7533606078316774,393.0,4.1095350441784544e-05,0.00016811734271639133,0.6363636363636364,positive,0.1,positive,0.6222910216718266,positive,3,True,False,0.48582230623818534,0.0010998900109989002,0.004124587541245876,11
d_final_peak_to_trough_magnitude,29,59,0.4519804932814092,0.2884187629372345,0.5140722029260079,0.22565343998877335,0.2063256499315859,0.10121916991193919,0.3882521138125812,0.287032943900642,0.4107500008720643,0.14622959804568356,0.25440867586757726,0.17317832812219064,-0.1743220011928573,-0.24592336207280444,-0.09678081487724771,-0.5125657510227937,-0.6925774400935125,-0.3138223261250735,1294.0,0.0001009976895685971,0.0003787413358822391,-0.8787878787878788,negative,-0.5428571428571428,negative,-0.12074303405572756,negative,3,True,False,-0.3270321361058601,0.021897810218978103,0.041245875412458756,12
d_poly_mag_c0,29,59,0.3632763110057818,0.2817627372419962,0.5568454030910835,0.27508266584908736,0.2004179642522037,0.13815322159479249,0.29300383306414246,0.15485061146934997,0.3990116325577495,0.2177374213985461,0.22618626625491076,0.11115614703702087,-0.1702833417139898,-0.24662580373387338,-0.08785009564548818,-0.5090590298071304,-0.7276446522501461,-0.26943308007013445,1291.0,0.00011266944950268559,0.00038934192546531584,-1.0,negative,-0.24285714285714285,negative,-0.5603715170278638,negative,3,True,False,-0.5311909262759924,0.0005999400059994001,0.0026997300269973002,13
d_final_magnitude,29,59,0.4638062890325408,0.3154333296811659,0.7066155363208065,0.39118220663964065,0.2419574253350164,0.1299112523282568,0.4215908841897664,0.29167963186150964,0.5109343543118005,0.2263041804891372,0.30230686002658674,0.23057555078489433,-0.2155319382053249,-0.3187202804864689,-0.13151298345568052,-0.5067212156633548,-0.6867329047340737,-0.304500292226768,1289.0,0.00012112859903365383,0.00038934192546531584,-0.8484848484848485,negative,-0.5428571428571428,negative,-0.1393188854489164,negative,3,True,False,-0.33459357277882795,0.0182981701829817,0.03921036467781793,14
a_mean,29,59,0.5663126816252202,0.4100752707001369,0.7668829143241425,0.3568076436240056,0.7523940775003446,0.705673804245853,0.8086859593749889,0.10301215512913586,0.5515276781772456,0.23186016320018554,0.7586923440914948,0.09871110670502138,0.188873877476734,0.07069477942051705,0.28781757898153165,0.49035651665692576,0.2261542957334892,0.7264757451782583,436.0,0.00019957821862574772,0.0005987346558772432,0.6363636363636364,positive,0.4,positive,0.4241486068111455,positive,3,True,False,0.444234404536862,0.0023997600239976003,0.007199280071992801,15
d_poly_trough_c0,29,59,0.5885002190994377,0.4842621818599715,0.7014668189936586,0.2172046371336871,0.7571417555328654,0.6611967491137202,0.81193267408597,0.15073592497224986,0.587172925160209,0.1870083079205564,0.732634320165464,0.10323703549121625,0.1337718259605727,0.06705793146513095,0.20594233152380803,0.4739918176504968,0.22033898305084745,0.6937755698421971,450.0,0.0003240961321991521,0.0009115203718101152,0.36363636363636365,positive,0.34285714285714286,positive,0.541795665634675,positive,3,True,False,0.46691871455576556,0.0011998800119988001,0.004153430810765078,16
d_poly_mag_c3,29,59,0.5347470088389453,0.4590687846611067,0.6123108697260037,0.153242085064897,0.4515960225550151,0.37925597366050046,0.512234525368312,0.1329785517078116,0.5538995827857471,0.16549185464373892,0.4458378333528245,0.0918994683867706,-0.08884837048423877,-0.14872287547566687,-0.03457174089160042,-0.440093512565751,-0.6563705435417884,-0.1957627118644072,1232.0,0.000844443639417472,0.0022352919866933086,-0.6666666666666666,negative,-0.2,negative,-0.3746130030959752,negative,3,True,False,-0.3648393194706994,0.012898710128987101,0.02902209779022098,17
d_poly_mag_c2,29,59,0.5035045448756839,0.3910196595998119,0.5699544729349708,0.17893481333515893,0.5980013731226005,0.5198319906593293,0.680196352955915,0.16036436229658568,0.48403712820857564,0.1909901236603687,0.5995474540708473,0.10171850169181246,0.1082436517795064,0.03832372710634911,0.17004325938885395,0.4319111630625365,0.179427235534775,0.6610169491525424,486.0,0.0010541517073017345,0.002635379268254336,0.5757575757575758,positive,0.22857142857142856,positive,0.3931888544891641,positive,3,True,False,0.37240075614366736,0.0103989601039896,0.024629116035764842,18
d_poly_peak_c1,29,59,0.5089729343139925,0.4014420679285038,0.6531553268244611,0.2517132588959573,0.3611505171976595,0.27320988531207524,0.45201582839711674,0.1788059430850415,0.5035523679836688,0.24564542396122221,0.3694272503493485,0.12188232919505475,-0.1485533917499241,-0.2257711671152347,-0.06142062907503021,-0.4202220923436587,-0.6586791350087668,-0.15832846288720132,1215.0,0.001438118145914369,0.0034060692929550845,-0.2727272727272727,negative,-0.07142857142857142,negative,-0.4551083591331269,negative,3,True,False,-0.33081285444234404,0.021997800219978002,0.041245875412458756,19
a_kurtosis,29,59,0.1800907574668602,0.1040634012888117,0.2629243222289668,0.15886092094015508,0.0973976224667908,0.07389076426069416,0.1522953180832401,0.07840455382254594,0.24102441656950305,0.22334253362412254,0.12892926528496731,0.08998341711010563,-0.06574750286866321,-0.11961654697291624,-0.0231856496378285,-0.3980128579777908,-0.6236411455289305,-0.16306253652834599,1196.0,0.002542610294152754,0.005720873161843697,-0.18181818181818182,negative,-0.7285714285714285,negative,-0.4055727554179567,negative,3,True,False,-0.46313799621928164,0.0007999200079992001,0.0032724000327240006,20
c_std_time_between_peaks,29,59,0.3282831305632776,0.2743211545417801,0.3955227550402854,0.12120160049850531,0.42466849183292,0.3109057466159094,0.518221932973076,0.20731618635716653,0.32405822542876117,0.10908408666594696,0.442869135058821,0.19913818771656616,0.09566866323162182,0.03820077980016867,0.150407266071509,0.3705435417884278,0.1542665108123904,0.5727644652250146,538.5,0.004957277586456778,0.010286513328780573,0.6515151515151515,positive,0.5357142857142857,positive,0.26625386996904027,positive,3,True,False,0.3856332703213611,0.0066993300669933005,0.017733520765570502,21
e_autocorr_lag1,29,59,0.3047086430381243,0.218564186637865,0.4216131467885484,0.20304896015068338,0.4202103874549014,0.33012334062778886,0.5205968615224508,0.1904735208946619,0.3301802089675659,0.184872657495716,0.42478706860488447,0.15475110757905755,0.1108220201813987,0.035126693836139866,0.18052015338500185,0.3699590882524839,0.11861484511981299,0.6026008182349498,539.0,0.00502896207184828,0.010286513328780573,0.7272727272727273,positive,0.5857142857142857,positive,0.23839009287925697,positive,3,True,False,0.39130434782608703,0.006299370062993701,0.017716978302169784,22
f_early_autocorr,29,59,0.2428803795094693,0.1489957886992102,0.4642194661227706,0.3152236774235604,0.4563542513854681,0.28787719620867314,0.5359159495934605,0.2480387533847873,0.30571088491741305,0.18413229095791714,0.42926840286799206,0.2072333949231545,0.1210446605249525,0.03091181015020767,0.2220036260689973,0.35476329631794273,0.11747516072472239,0.5745178258328463,552.0,0.007150126659831572,0.013989378247496555,0.5151515151515151,positive,0.6428571428571429,positive,0.1393188854489164,positive,3,True,False,0.31947069943289225,0.029197080291970802,0.052264004368793894,23
d_poly_peak_c0,29,59,0.4989654921303241,0.330564206780535,0.6953947900356234,0.36483058325508844,0.3795676063676039,0.3059236219304523,0.45986485794333176,0.15394123601287946,0.5201555631537468,0.24980022012600184,0.38589674625650905,0.11506105911831231,-0.12206761398049298,-0.2263456909543216,-0.026034004579262693,-0.3489187609585038,-0.6061075394506137,-0.07887200467562872,1154.0,0.008159815813523234,0.015299654650356063,-0.7575757575757576,negative,-0.2857142857142857,negative,-0.34365325077399383,negative,3,True,False,-0.3799621928166352,0.007799220077992201,0.019498050194980503,24
a_skew,29,59,0.5892979828915578,0.4654652681701811,0.6624456071681568,0.19698033899797573,0.6424296526292375,0.5866504712427405,0.6830247510079288,0.09637427976518831,0.5698397474674992,0.19325580055422945,0.6517803492552833,0.10856265952264528,0.06132747563254237,0.008943621913814814,0.12546250815089266,0.29281122150789013,0.049678550555230856,0.5289596727060194,605.0,0.026467529775932336,0.0476415535966782,0.45454545454545453,positive,-0.04285714285714286,negative,0.44272445820433437,positive,2,False,True,0.31568998109640833,0.0301969803019698,0.052264004368793894,25
d_poly_mag_c1,29,59,0.522459393223886,0.3777603460731422,0.6404367194230203,0.2626763733498781,0.4440268748718187,0.32820703531548656,0.5065458272912755,0.17833879197578895,0.5123916606072626,0.22945910250523305,0.42617096571931706,0.11788138636713809,-0.0850829449554441,-0.16180224929745357,-0.009335843821304923,-0.288135593220339,-0.5347749853886616,-0.026300409117475162,1102.0,0.028978880021290634,0.05015575388300303,-0.24242424242424243,negative,-0.14285714285714285,negative,-0.23839009287925697,negative,3,True,False,-0.21361058601134217,0.14238576142385762,0.2209434228990894,26
b_spectral_flatness,29,59,0.5167619545147464,0.4106078384428132,0.5949980735843591,0.1843902351415459,0.6038026651043146,0.46668332570882587,0.684342331548768,0.21765900583994213,0.4834378373622755,0.18650238915501172,0.5674606552820303,0.18024106928979788,0.09044758191107682,0.016079361437365637,0.15973689457541154,0.2846288720046756,0.043834015195791935,0.5090882524839271,612.0,0.030994576465058744,0.051657627441764574,0.21212121212121213,positive,0.6428571428571429,positive,0.2260061919504644,positive,3,True,False,0.3345935727788279,0.0207979202079792,0.041245875412458756,27
c_mean_peak_to_trough_time,29,59,0.3333333333333332,0.2941176470588236,0.4615384615384614,0.1674208144796378,0.4166666666666667,0.3125,0.5147058823529411,0.20220588235294112,0.3472630238283596,0.14035012910569836,0.42358793444286963,0.16979063967693825,0.0666666666666666,0.0,0.13461538461538458,0.24079485680888368,0.0017387492694330852,0.4634716540035067,649.5,0.0677502525645917,0.1088550347244309,0.4090909090909091,positive,0.007142857142857143,positive,0.2693498452012384,positive,3,True,False,0.21739130434782608,0.1344865513448655,0.2161391003756767,28
d_poly_trough_c2,29,59,0.4240860774917969,0.3291944853045725,0.4999955380605528,0.1708010527559803,0.363140974887166,0.2640285169261032,0.43915855321991537,0.17513003629381219,0.4425950901498084,0.2456900020730344,0.34686017457530605,0.12236843565823982,-0.06230226691070989,-0.14360573844345087,0.00739915021956189,-0.23904149620105203,-0.489187609585038,0.025131502045587374,1060.0,0.07015102237796658,0.1088550347244309,0.030303030303030304,positive,-0.35714285714285715,negative,-0.15170278637770898,negative,2,False,True,-0.18336483931947067,0.21227877212278773,0.3081466046943693,29
b_dominant_freq,29,59,0.7266666666666667,0.4799999999999998,0.8633333333333332,0.38333333333333336,0.59,0.4810526315789473,0.8000000000000002,0.31894736842105287,0.6853115547489413,0.23708375028414924,0.5954315385171765,0.2532038291890625,-0.08631578947368401,-0.20859649122807,0.026666666666666616,-0.2074810052600818,-0.4570572764465225,0.05376972530683811,1033.0,0.1157899823816862,0.1736849735725293,-0.6060606060606061,negative,-0.2357142857142857,negative,-0.16408668730650156,negative,3,True,False,-0.2381852551984877,0.09869013098690131,0.16448355164483552,30
f_early_mean,29,59,0.6999975892682988,0.564876077432702,0.8296796137569498,0.2648035363242478,0.751970773165489,0.7104369669770452,0.8004768865619241,0.09003991958487889,0.6780805198856884,0.2162761212294199,0.7544497186738904,0.07038631505327629,0.05117408486990449,-0.019377899726711334,0.1275823172459533,0.20280537697253068,-0.08009935710111045,0.47517533606078294,682.0,0.12459637300228411,0.18085915156342083,-0.5,negative,0.6142857142857143,positive,0.15170278637770898,positive,2,False,True,0.19281663516068054,0.18038196180381963,0.27057294270572946,31
c_avg_time_between_peaks,29,59,0.3900709219858156,0.3191489361702126,0.4628841607565013,0.14373522458628868,0.4500818330605567,0.3540643753409713,0.5460992907801421,0.19203491543917078,0.39605370150016483,0.12909009959948387,0.4442123451690496,0.14999705718360462,0.05200945626477521,-0.006858389837113066,0.11183945209289366,0.2004675628287551,-0.04208065458796026,0.4330800701344243,684.0,0.12861095222287705,0.18085915156342083,0.5757575757575758,positive,0.35,positive,0.018575851393188854,positive,3,True,False,0.17580340264650285,0.22577742225777422,0.317499500049995,32
d_poly_trough_c3,29,59,0.6107390557577895,0.5488650832080408,0.6809393532220969,0.13207427001405603,0.6510655071092599,0.582317380562007,0.7317491265466451,0.14943174598463815,0.5834111970009502,0.20781664165114502,0.6644202863491657,0.10475495313496398,0.04303980807772256,-0.012478826404341725,0.10220042390121908,0.19696084161309177,-0.06838106370543542,0.44476914085330216,687.0,0.1358676183961973,0.1852740250857236,-0.030303030303030304,negative,0.32857142857142857,positive,0.12074303405572756,positive,2,False,True,0.1568998109640832,0.28687131286871315,0.3911881539118816,33
c_std_time_between_troughs,29,59,0.3842685291493615,0.2673714091822686,0.4567337727805974,0.1893623635983288,0.4213576944119683,0.30694044132890447,0.6197515123448335,0.31281107101592903,0.3842032387800294,0.15333807689641546,0.47120874422830494,0.22262641576924072,0.06418417490015549,-0.020807406091538083,0.1511577405488767,0.18760958503798947,-0.06372004675628287,0.4225745178258326,695.0,0.1554830622578432,0.20578640592949834,0.2727272727272727,positive,0.32857142857142857,positive,0.015479876160990712,positive,3,True,False,0.1304347826086956,0.37566243375662434,0.4695780421957804,34
g_asymmetry_index,29,59,0.3450164293537787,0.2475117862755369,0.4518072289156629,0.20429544264012597,0.3092009983668693,0.16574631860776445,0.41512717536813937,0.2493808567603749,0.3673411397536012,0.19910305169488263,0.3078081780883467,0.18053141957571617,-0.05679217807364248,-0.1384908053265696,0.019347980155917543,-0.1706604324956166,-0.4091320864991233,0.07014903565166548,1001.5,0.1964466120775037,0.252574215528219,-0.2727272727272727,negative,0.2714285714285714,positive,-0.3126934984520124,negative,2,False,True,-0.15311909262759923,0.30256974302569745,0.40045995400459955,35
d_poly_trough_c1,29,59,0.4766183885869872,0.3992282075886738,0.6051655682002904,0.20593736061161666,0.5331216584506577,0.4561218117442969,0.6377566770779153,0.1816348653336184,0.4810889977009996,0.23032157090487382,0.5400437474245066,0.1157519729207447,0.04901387880868047,-0.03140864224014239,0.12609445791779064,0.15955581531268265,-0.11046171829339567,0.4260666277030976,719.0,0.22732066020176567,0.2841508252522071,-0.15151515151515152,negative,0.2,positive,0.02786377708978328,positive,2,False,True,0.05103969754253313,0.7406259374062594,0.8128821264215043,36
e_hurst_exponent,29,59,0.445025778019138,0.3248272665934881,0.5846805739428889,0.25985330734940076,0.4881869002489907,0.3627047105486856,0.5890293237223189,0.22632461317363328,0.4517743394933973,0.19847735910315448,0.4746514350185746,0.18968165954172686,0.03457255843119783,-0.06120285989304253,0.12241219095823674,0.10461718293395675,-0.1537112799532437,0.364114552893045,766.0,0.4294901160612641,0.5223528438582942,0.42424242424242425,positive,0.24285714285714285,positive,0.034055727554179564,positive,3,True,False,0.1379962192816635,0.35006499350064996,0.4500835630722642,37
f_delta_mean,29,59,0.4763310856497706,0.3937954008300086,0.61575156789886,0.2219561670688514,0.4580224186449889,0.4303595466585609,0.4928785444439616,0.06251899778540071,0.48418268992133734,0.21539472308773946,0.4537699202334069,0.05568616543474557,-0.033101120946881,-0.11589460937582186,0.04095286514940251,-0.09994155464640561,-0.3863237872589129,0.1923144360023374,941.0,0.45051346372852175,0.5335027859943021,0.9696969696969697,positive,-0.5571428571428572,negative,-0.13312693498452013,negative,2,False,True,-0.10775047258979205,0.46025397460253975,0.5597683474895754,38
b_band_power_low,29,59,1.0432120532097526e-33,3.3703774026776627e-34,3.384103583935748e-33,3.0470658436679815e-33,1.4511347150417716e-33,2.3965003868975266e-34,4.51018234121764e-33,4.270532302527887e-33,2.5023003325515393e-33,3.423563424572373e-33,3.583147144351113e-33,5.153193572703312e-33,1.40432391778236e-34,-3.972438964941012e-34,1.1473628353669819e-33,0.08182349503214495,-0.15958503798947984,0.32207773232027986,785.5,0.5372231751541474,0.6198728944086316,0.015151515151515152,positive,-0.2,negative,0.17956656346749225,positive,2,False,True,0.058601134215501,0.6901309869013099,0.7855089491050895,39
a_median,29,59,0.6562360394752851,0.606790399220241,0.7673313568614688,0.16054095764122778,0.671039272225153,0.6389148357226961,0.7031230962920834,0.06420826056938722,0.6681533960562996,0.19531937130813015,0.6791373406191807,0.07594394287552816,0.014386746008138829,-0.04942533403728078,0.06349936250963317,0.04734073641145529,-0.23553477498538866,0.33722969023962596,815.0,0.7223698970087227,0.812666134134813,0.4090909090909091,positive,0.10714285714285714,positive,-0.034055727554179564,negative,2,False,True,0.058601134215501,0.6982301769823017,0.7855089491050895,40
b_spectral_entropy,29,59,0.6040272958094426,0.5320093474610776,0.6606876257542678,0.12867827829319012,0.583536345842059,0.5052177898987271,0.7031773421144327,0.1979595522157056,0.5727154208152498,0.18374235974140496,0.5843134077900075,0.16975937257848464,0.009371443097378085,-0.05752268464373327,0.07598031087810897,0.030976037405026302,-0.22270601987142022,0.26709526592635885,829.0,0.8174660232581493,0.897218806015042,0.030303030303030304,positive,0.24285714285714285,positive,-0.05263157894736842,negative,2,False,True,0.03591682419659732,0.8102189781021898,0.8328258083282581,41
c_mean_trough_to_peak_time,29,59,0.3999999999999999,0.2941176470588236,0.5,0.2058823529411764,0.4166666666666667,0.3333333333333332,0.535897435897436,0.2025641025641028,0.41819057023898487,0.1621651273737391,0.421152904091588,0.16156887381791807,0.010695187165775166,-0.0666666666666666,0.07692307692307687,0.027469316189362946,-0.2331969608416131,0.2817212156633545,832.0,0.8381226401020541,0.8979885429664864,0.3333333333333333,positive,0.30714285714285716,positive,-0.17337461300309598,negative,2,False,True,0.017013232514177693,0.9158084191580842,0.9158084191580842,42
f_late_autocorr,29,59,0.3067625520335251,0.1913285886699784,0.4854360756136999,0.29410748694372146,0.3300948145683541,0.2584286297737098,0.45706958366799605,0.19864095389428627,0.3538392081798511,0.21491151526300373,0.3477623484008107,0.16145413346708606,0.00737819931197542,-0.09225040591909069,0.0944793462048219,0.020455873758036237,-0.24371712448860317,0.288135593220339,838.0,0.8800457719506107,0.9209781334366856,-0.696969696969697,negative,0.11428571428571428,positive,0.034055727554179564,positive,2,False,True,-0.03591682419659737,0.8143185681431857,0.8328258083282581,43
f_late_mean,29,59,0.7039327112460025,0.6157695909076217,0.8385075285482095,0.2227379376405878,0.7221163884494093,0.6687384973039285,0.7528036980831518,0.0840652007792233,0.6684188523504714,0.22046304381898127,0.7094147624347735,0.07133796134525908,0.003067385618805929,-0.07453477984781642,0.06211186809165525,0.012857977790765635,-0.26652542372881355,0.30099357101110463,844.5,0.9257332598697312,0.9467726521394979,1.0,positive,-0.18571428571428572,negative,-0.19195046439628483,negative,1,False,True,-0.04158790170132325,0.7811218878112188,0.8328258083282581,44
e_autocorr_lagk,29,59,0.3037608321188622,0.1878915496157044,0.4851922640178573,0.2973007144021529,0.3173448816838239,0.23844460540885098,0.41593082257718705,0.17748621716833607,0.3562562755168849,0.22916689333215462,0.3459165714327637,0.19276147546298122,0.003797520003930799,-0.09016856448866849,0.07894385362400771,0.006428988895382817,-0.2565751022793688,0.27527761542957335,850.0,0.9645970043222651,0.9645970043222651,0.0,zero,0.0,zero,-0.13312693498452013,negative,0,False,True,-0.08128544423440452,0.5889411058894111,0.6974302569743026,45
