Feature,Stage1_Delta,Stage2_Delta,Stage1_Abs_Delta,Stage2_Abs_Delta,Stage1_Abs_Rank,Stage2_Abs_Rank,Stage1_HL_Shift,Stage2_HL_Shift,Stage1_Delta_CI_Lower,Stage1_Delta_CI_Upper,Stage2_Delta_CI_Lower,Stage2_Delta_CI_Upper,Delta_Change,Abs_Delta_Change,Abs_Delta_Ratio,Percent_Attenuation,Delta_Direction_Preserved,Delta_Sign_Reversed,HL_Direction_Preserved,Stage1_MW_BH_q,Stage2_MW_BH_q,Stage1_Stratified_BH_q,Stage2_Stratified_BH_q,Stage1_Movie1_Delta,Stage1_Movie2_Delta,Stage1_Movie3_Delta,Stage2_Movie1_Delta,Stage2_Movie2_Delta,Stage2_Movie3_Delta,Stage1_Direction_Consistent_All_Movies,Stage2_Direction_Consistent_All_Movies,Stage2_Any_Movie_Direction_Reversal,Stage2_CI_Excludes_Zero
a_std,-1.0,-0.9791898922333705,1.0,0.9791898922333705,1,1,-0.5330449907507092,-0.44454636739176867,-1.0,-1.0,-0.9977703455964325,-0.9494611668524712,0.020810107766629504,-0.020810107766629504,0.9791898922333705,2.0810107766629504,True,False,True,9.45313433045558e-13,1.6402915728945969e-15,0.0005624437556244375,0.0004999500049995,-1.0,-1.0,-1.0,-1.0,-1.0,-0.9415584415584416,True,True,False,True
g_sharpness_index,-0.9953243717124488,-0.9531772575250836,0.9953243717124488,0.9531772575250836,2,2,-0.45589618133863385,-0.4018615496349527,-1.0,-0.9812974868497955,-0.9881085098476403,-0.9048680787811223,0.042147114187365164,-0.042147114187365164,0.9576548958458122,4.234510415418779,True,False,True,9.45313433045558e-13,5.407940100436621e-15,0.0005624437556244375,0.0004999500049995,-1.0,-1.0,-0.9752321981424149,-1.0,-1.0,-0.8733766233766234,True,True,False,True
f_early_std,-0.9590882524839275,-0.9308807134894092,0.9590882524839275,0.9308807134894092,3,3,-0.45905589196538477,-0.3906332566279554,-0.9918176504967855,-0.907656341320865,-0.9732441471571907,-0.8676885916016354,0.028207538994518333,-0.028207538994518333,0.9705892143695181,2.9410785630481944,True,False,True,5.035376612108399e-12,1.748355504960948e-14,0.0005624437556244375,0.0004999500049995,-1.0,-0.9714285714285714,-0.9009287925696594,-1.0,-0.9791666666666666,-0.8181818181818182,True,True,False,True
d_initial_peak_to_trough_magnitude,-0.9286966686148451,-0.913786696395392,0.9286966686148451,0.913786696395392,4,4,-0.5547535762574778,-0.4514374494017284,-0.994155464640561,-0.8293395675043834,-0.9777220364176885,-0.8260869565217391,0.014909972219453116,-0.014909972219453116,0.9839452722042263,1.605472779577362,True,False,True,2.035510485476247e-11,4.2898347778193884e-14,0.0005624437556244375,0.0004999500049995,-1.0,-0.8571428571428571,-0.9442724458204335,-1.0,-0.8541666666666666,-0.9188311688311688,True,True,False,True
d_slope_magnitude,0.9181765049678551,0.8416945373467113,0.9181765049678551,0.8416945373467113,5,5,0.33800577360241296,0.29003215937770704,0.8293395675043834,0.9812974868497955,0.705685618729097,0.9435154217762913,-0.07648196762114379,-0.07648196762114379,0.9167023255252852,8.329767447471484,True,False,True,2.882095364556977e-11,4.023584976878538e-12,0.0005624437556244375,0.0004999500049995,1.0,0.8857142857142857,0.9628482972136223,1.0,0.90625,0.8603896103896104,True,True,False,True
d_initial_magnitude,-0.891291642314436,-0.8260869565217391,0.891291642314436,0.8260869565217391,6,6,-0.33177764361182777,-0.2570788772885953,-0.9614260666277031,-0.7954412624196376,-0.9160163507989595,-0.7175771088814568,0.06520468579269689,-0.06520468579269689,0.9268424803991446,7.315751960085533,True,False,True,1.0041633674759565e-10,8.94803118089723e-12,0.0005624437556244375,0.0004999500049995,-1.0,-0.8714285714285714,-0.913312693498452,-1.0,-0.8541666666666666,-0.788961038961039,True,True,False,True
b_band_power_high,-0.8877849210987726,-0.7807506503158677,0.8877849210987726,0.7807506503158677,7,7,-0.1822155825539642,-0.16415831531268602,-0.9614260666277031,-0.7895967270601987,-0.8914901523597176,-0.654384986993683,0.10703427078290495,-0.10703427078290495,0.8794367101319616,12.056328986803845,True,False,True,1.0341523862168441e-10,1.2007118715743884e-10,0.0005624437556244375,0.0004999500049995,-0.9696969696969697,-0.9142857142857143,-0.7585139318885449,-0.9710144927536232,-0.8020833333333334,-0.5974025974025974,True,True,False,True
b_band_power_mid,-0.7568673290473408,-0.6893348197696024,0.7568673290473408,0.6893348197696024,8,8,-0.056194683034925995,-0.0557573220674939,-0.8772647574517826,-0.6014026884862653,-0.8164251207729468,-0.5503344481605354,0.06753250927773835,-0.06753250927773835,0.9107736499040847,8.922635009591529,True,False,True,5.216514900547087e-08,1.7115902636660256e-08,0.0005624437556244375,0.0004999500049995,-0.7878787878787878,-0.7142857142857143,-0.6346749226006192,-0.7971014492753623,-0.4895833333333333,-0.5811688311688312,True,True,False,True
f_late_std,-0.5639976621858562,-0.4693422519509476,0.5639976621858562,0.4693422519509476,9,12,-0.11368931852195219,-0.09371974202242253,-0.7451782583284629,-0.3489187609585038,-0.6469713861018209,-0.28128948346339677,0.09465541023490864,-0.09465541023490864,0.8321705627855661,16.782943721443388,True,False,True,9.396187330055153e-05,0.00020389023673708583,0.004178153613210107,0.0334966503349665,-0.6666666666666666,-0.5285714285714286,-0.3931888544891641,-0.6521739130434783,-0.3333333333333333,-0.288961038961039,True,True,False,True
d_poly_peak_c3,-0.5558153126826417,-0.5540691192865106,0.5558153126826417,0.5540691192865106,10,10,-0.1664996967600439,-0.15787481422875582,-0.7545295149035651,-0.3337229690239626,-0.7250092902266815,-0.36157562244518765,0.0017461933961311349,-0.0017461933961311349,0.9968583208193686,0.3141679180631306,True,False,True,0.0001115880747186674,8.491513838560755e-06,0.0026997300269973002,0.0008999100089991002,-0.7272727272727273,-0.12857142857142856,-0.653250773993808,-0.7391304347826086,-0.08333333333333333,-0.672077922077922,True,True,False,True
d_poly_peak_c2,0.5406195207481005,0.5607580824972129,0.5406195207481005,0.5607580824972129,11,9,0.18519931626618724,0.1804390024710169,0.30447106954997083,0.7533606078316774,0.36007060572277966,0.7398736529171311,0.020138561749112438,0.020138561749112438,1.0372508963813312,-3.7250896381331224,True,False,True,0.00016811734271639133,7.08034687837642e-06,0.004124587541245876,0.0004999500049995,0.6363636363636364,0.1,0.6222910216718266,0.6521739130434783,0.11458333333333333,0.672077922077922,True,True,False,True
d_final_peak_to_trough_magnitude,-0.5125657510227937,-0.409884801189149,0.5125657510227937,0.409884801189149,12,17,-0.1743220011928573,-0.14360613376143522,-0.6925774400935125,-0.3138223261250735,-0.5815681902638424,-0.22777777777777805,0.10268094983364467,-0.10268094983364467,0.7996726280896624,20.032737191033757,True,False,True,0.0003787413358822391,0.001123939765994724,0.041245875412458756,0.27297270272972707,-0.8787878787878788,-0.5428571428571428,-0.12074303405572756,-0.8840579710144928,-0.3020833333333333,-0.07467532467532467,True,True,False,True
d_poly_mag_c0,-0.5090590298071304,-0.42251950947603123,0.5090590298071304,0.42251950947603123,13,16,-0.1702833417139898,-0.13646835988145684,-0.7276446522501461,-0.26943308007013445,-0.6254366406540319,-0.21439985135637338,0.08653952033109913,-0.08653952033109913,0.8300010111521118,16.99989888478882,True,False,True,0.00038934192546531584,0.0007877929461880233,0.0026997300269973002,0.0036814500368145004,-1.0,-0.24285714285714285,-0.5603715170278638,-0.9710144927536232,-0.1875,-0.44155844155844154,True,True,False,True
d_final_magnitude,-0.5067212156633548,-0.4351542177629134,0.5067212156633548,0.4351542177629134,14,14,-0.2155319382053249,-0.2038347759395197,-0.6867329047340737,-0.304500292226768,-0.6127833519137867,-0.2582683017465626,0.07156699790044141,-0.07156699790044141,0.8587645520096249,14.123544799037512,True,False,True,0.00038934192546531584,0.0005872938495502874,0.03921036467781793,0.11184595826131673,-0.8484848484848485,-0.5428571428571428,-0.1393188854489164,-0.855072463768116,-0.2604166666666667,-0.19155844155844157,True,True,False,True
a_mean,0.49035651665692576,0.42623560014864365,0.49035651665692576,0.42623560014864365,15,15,0.188873877476734,0.1331691689750194,0.2261542957334892,0.7264757451782583,0.19806763285024154,0.632125603864734,-0.06412091650828211,-0.06412091650828211,0.869236128551048,13.076387144895197,True,False,True,0.0005987346558772432,0.0007418859458246537,0.007199280071992801,0.021597840215978402,0.6363636363636364,0.4,0.4241486068111455,0.6231884057971014,0.4479166666666667,0.288961038961039,True,True,False,True
d_poly_trough_c0,0.4739918176504968,0.44555927164622816,0.4739918176504968,0.44555927164622816,16,13,0.1337718259605727,0.1274553276640662,0.22033898305084745,0.6937755698421971,0.2433853586027499,0.6417688591601635,-0.028432546004268644,-0.028432546004268644,0.9400146902425356,5.9985309757464425,True,False,True,0.0009115203718101152,0.0004412001084006494,0.004153430810765078,0.006427928635707857,0.36363636363636365,0.34285714285714286,0.541795665634675,0.36231884057971014,0.22916666666666666,0.4577922077922078,True,True,False,True
d_poly_mag_c3,-0.440093512565751,-0.38312894834633965,0.440093512565751,0.38312894834633965,17,19,-0.08884837048423877,-0.07588465418633306,-0.6563705435417884,-0.1957627118644072,-0.5778706800445931,-0.17725752508361203,0.05696456421941137,-0.05696456421941137,0.8705625904655871,12.943740953441283,True,False,True,0.0022352919866933086,0.002339020816408194,0.02902209779022098,0.030702812071734,-0.6666666666666666,-0.2,-0.3746130030959752,-0.6811594202898551,-0.22916666666666666,-0.32142857142857145,True,True,False,True
d_poly_mag_c2,0.4319111630625365,0.38684503901895206,0.4319111630625365,0.38684503901895206,18,18,0.1082436517795064,0.09500506816567933,0.179427235534775,0.6610169491525424,0.17577108881456707,0.5875325157933851,-0.045066124043584455,-0.045066124043584455,0.8956588115851516,10.434118841484846,True,False,True,0.002635379268254336,0.002202387349724594,0.024629116035764842,0.030702812071734,0.5757575757575758,0.22857142857142856,0.3931888544891641,0.5942028985507246,0.25,0.3246753246753247,True,True,False,True
d_poly_peak_c1,-0.4202220923436587,-0.4708286882199926,0.4202220923436587,0.4708286882199926,19,11,-0.1485533917499241,-0.1489326000622061,-0.6586791350087668,-0.15832846288720132,-0.6700111482720178,-0.2560386473429952,-0.05060659587633387,0.05060659587633387,1.1204282135527222,-12.042821355272217,True,False,True,0.0034060692929550845,0.00020389023673708583,0.041245875412458756,0.005999400059994001,-0.2727272727272727,-0.07142857142857142,-0.4551083591331269,-0.30434782608695654,-0.10416666666666667,-0.5357142857142857,True,True,False,True
a_kurtosis,-0.3980128579777908,-0.3534002229654404,0.3980128579777908,0.3534002229654404,20,20,-0.06574750286866321,-0.0480039989588146,-0.6236411455289305,-0.16306253652834599,-0.5444072835377183,-0.1549424005945748,0.04461263501235041,-0.04461263501235041,0.8879115734124353,11.208842658756467,True,False,True,0.005720873161843697,0.0053550566840515025,0.0032724000327240006,0.006427928635707857,-0.18181818181818182,-0.7285714285714285,-0.4055727554179567,-0.21739130434782608,-0.6666666666666666,-0.34415584415584416,True,True,False,True
c_std_time_between_peaks,0.3705435417884278,0.2356001486436269,0.3705435417884278,0.2356001486436269,21,26,0.09566866323162182,0.061410550569592826,0.1542665108123904,0.5727644652250146,0.025631735414344114,0.4414715719063545,-0.1349433931448009,-0.1349433931448009,0.6358231140839837,36.41768859160163,True,False,True,0.010286513328780573,0.07427792398820768,0.017733520765570502,0.2187906209379062,0.6515151515151515,0.5357142857142857,0.26625386996904027,0.6086956521739131,0.4114583333333333,0.09415584415584416,True,True,False,True
e_autocorr_lag1,0.3699590882524839,0.2716462281679673,0.3699590882524839,0.2716462281679673,22,22,0.1108220201813987,0.07851649873464028,0.11861484511981299,0.6026008182349498,0.05091044221479004,0.48717948717948717,-0.09831286008451662,-0.09831286008451662,0.7342601838789764,26.573981612102358,True,False,True,0.010286513328780573,0.040016823692112534,0.017716978302169784,0.07131786821317868,0.7272727272727273,0.5857142857142857,0.23839009287925697,0.6811594202898551,0.5729166666666666,0.14285714285714285,True,True,False,True
f_early_autocorr,0.35476329631794273,0.23894463024897808,0.35476329631794273,0.23894463024897808,23,24,0.1210446605249525,0.07175422795037639,0.11747516072472239,0.5745178258328463,0.021906354515050172,0.454477889260498,-0.11581866606896465,-0.11581866606896465,0.6735325574233961,32.64674425766038,True,False,True,0.013989378247496555,0.07427792398820768,0.052264004368793894,0.2841144456982873,0.5151515151515151,0.6428571428571429,0.1393188854489164,0.4492753623188406,0.53125,0.03896103896103896,True,True,False,True
d_poly_peak_c0,-0.3489187609585038,-0.26495726495726496,0.3489187609585038,0.26495726495726496,24,23,-0.12206761398049298,-0.08652213291827579,-0.6061075394506137,-0.07887200467562872,-0.48645484949832773,-0.027870680044593088,0.08396149600123887,-0.08396149600123887,0.759366633738493,24.0633366261507,True,False,True,0.015299654650356063,0.044576522696975325,0.019498050194980503,0.059441424278624776,-0.7575757575757576,-0.2857142857142857,-0.34365325077399383,-0.7391304347826086,-0.3645833333333333,-0.22077922077922077,True,True,False,True
a_skew,0.29281122150789013,0.23745819397993312,0.29281122150789013,0.23745819397993312,25,25,0.06132747563254237,0.043575599246066465,0.049678550555230856,0.5289596727060194,0.012987736900780386,0.45375325157933827,-0.05535302752795701,-0.05535302752795701,0.8109600197598115,18.90399802401885,True,False,True,0.0476415535966782,0.07427792398820768,0.052264004368793894,0.1911330606069828,0.45454545454545453,-0.04285714285714286,0.44272445820433437,0.4492753623188406,-0.010416666666666666,0.2694805194805195,False,False,True,True
d_poly_mag_c1,-0.288135593220339,-0.28279450018580454,0.288135593220339,0.28279450018580454,26,21,-0.0850829449554441,-0.08423291325943,-0.5347749853886616,-0.026300409117475162,-0.4975845410628019,-0.06649944258639938,0.00534109303453445,-0.00534109303453445,0.9814632653507334,1.853673464926662,True,False,True,0.05015575388300303,0.032305257572170176,0.2209434228990894,0.14971230149712303,-0.24242424242424243,-0.14285714285714285,-0.23839009287925697,-0.2753623188405797,-0.20833333333333334,-0.24025974025974026,True,True,False,True
b_spectral_flatness,0.2846288720046756,0.16090672612411744,0.2846288720046756,0.16090672612411744,27,29,0.09044758191107682,0.0596783047564623,0.043834015195791935,0.5090882524839271,-0.05016722408026756,0.3808992939427722,-0.12372214588055819,-0.12372214588055819,0.5653211671424332,43.467883285756685,True,False,True,0.051657627441764574,0.2592952897428046,0.041245875412458756,0.26356979686646725,0.21212121212121213,0.6428571428571429,0.2260061919504644,0.15942028985507245,0.6979166666666666,0.032467532467532464,True,True,False,False
c_mean_peak_to_trough_time,0.24079485680888368,0.07952434039390562,0.24079485680888368,0.07952434039390562,28,37,0.0666666666666666,0.020833333333333204,0.0017387492694330852,0.4634716540035067,-0.15570419918246006,0.30884429580081696,-0.16127051641497808,-0.16127051641497808,0.33025763692711774,66.97423630728822,True,False,True,0.1088550347244309,0.6024260133674226,0.2161391003756767,0.8091113965526524,0.4090909090909091,0.007142857142857143,0.2693498452012384,0.37681159420289856,-0.125,0.0698051948051948,True,False,True,False
d_poly_trough_c2,-0.23904149620105203,-0.1452991452991453,0.23904149620105203,0.1452991452991453,29,31,-0.06230226691070989,-0.04030767748661401,-0.489187609585038,0.025131502045587374,-0.3600891861761427,0.07766629505759941,0.09374235090190672,-0.09374235090190672,0.6078406787453242,39.215932125467575,True,False,True,0.1088550347244309,0.3081818412949878,0.3081466046943693,0.53465241711123,0.030303030303030304,-0.35714285714285715,-0.15170278637770898,-0.014492753623188406,-0.3541666666666667,-0.045454545454545456,False,True,False,False
b_dominant_freq,-0.2074810052600818,-0.044221479004087696,0.2074810052600818,0.044221479004087696,30,40,-0.08631578947368401,-0.009234234234234195,-0.4570572764465225,0.05376972530683811,-0.27573392790784096,0.19064474173169813,0.1632595262559941,-0.1632595262559941,0.21313507204505366,78.68649279549463,True,False,True,0.1736849735725293,0.7938712206262094,0.16448355164483552,0.7315518448155184,-0.6060606060606061,-0.2357142857142857,-0.16408668730650156,-0.6231884057971014,-0.13541666666666666,0.00974025974025974,True,False,True,False
f_early_mean,0.20280537697253068,0.2192493496841323,0.20280537697253068,0.2192493496841323,31,28,0.05117408486990449,0.05716940649976987,-0.08009935710111045,0.47517533606078294,-0.027870680044593088,0.45559271646228167,0.016443972711601612,0.016443972711601612,1.0810825282695975,-8.108252826959758,True,False,True,0.18085915156342083,0.09579536003151931,0.27057294270572946,0.29029855635126145,-0.5,0.6142857142857143,0.15170278637770898,-0.5217391304347826,0.6822916666666666,0.09090909090909091,False,False,True,False
c_avg_time_between_peaks,0.2004675628287551,0.00929022668153103,0.2004675628287551,0.00929022668153103,32,45,0.05200945626477521,0.0,-0.04208065458796026,0.4330800701344243,-0.21962095875139354,0.23485693050910442,-0.19117733614722407,-0.19117733614722407,0.04634279257171893,95.3657207428281,True,False,False,0.18085915156342083,0.9387493599903225,0.317499500049995,0.8148685131486851,0.5757575757575758,0.35,0.018575851393188854,0.5362318840579711,0.2552083333333333,-0.20616883116883117,True,False,True,False
d_poly_trough_c3,0.19696084161309177,0.115570419918246,0.19696084161309177,0.115570419918246,33,33,0.04303980807772256,0.025166730375664415,-0.06838106370543542,0.44476914085330216,-0.10293571163136381,0.32740616871051625,-0.08139042169484577,-0.08139042169484577,0.5867685118104419,41.32314881895582,True,False,True,0.1852740250857236,0.438389264987445,0.3911881539118816,0.6701758395589013,-0.030303030303030304,0.32857142857142857,0.12074303405572756,0.014492753623188406,0.3125,0.022727272727272728,False,True,False,False
c_std_time_between_troughs,0.18760958503798947,0.07543664065403195,0.18760958503798947,0.07543664065403195,34,38,0.06418417490015549,0.02381502270881536,-0.06372004675628287,0.4225745178258326,-0.1508732813080639,0.29914529914529914,-0.11217294438395752,-0.11217294438395752,0.4020937450437654,59.79062549562346,True,False,True,0.20578640592949834,0.6137175655838062,0.4695780421957804,0.927007299270073,0.2727272727272727,0.32857142857142857,0.015479876160990712,0.2463768115942029,0.24479166666666666,-0.08279220779220779,True,False,True,False
g_asymmetry_index,-0.1706604324956166,-0.14752879970271274,0.1706604324956166,0.14752879970271274,35,30,-0.05679217807364248,-0.050655372686919886,-0.4091320864991233,0.07014903565166548,-0.35525826830174656,0.06837606837606838,0.023131632792903867,-0.023131632792903867,0.8644581379840461,13.554186201595382,True,False,True,0.252574215528219,0.3079733959811733,0.40045995400459955,0.43842490750924906,-0.2727272727272727,0.2714285714285714,-0.3126934984520124,-0.2753623188405797,0.3645833333333333,-0.2727272727272727,False,False,True,False
d_poly_trough_c1,0.15955581531268265,0.08807134894091416,0.15955581531268265,0.08807134894091416,36,35,0.04901387880868047,0.027040404623108416,-0.11046171829339567,0.4260666277030976,-0.140115198810851,0.3132850241545891,-0.07148446637176849,-0.07148446637176849,0.5519783078311506,44.80216921688494,True,False,True,0.2841508252522071,0.5790838312027143,0.8128821264215043,0.927007299270073,-0.15151515151515152,0.2,0.02786377708978328,-0.10144927536231885,0.22916666666666666,-0.04220779220779221,False,False,True,False
e_hurst_exponent,0.10461718293395675,-0.011519881085098476,0.10461718293395675,0.011519881085098476,37,44,0.03457255843119783,-0.004413788628227777,-0.1537112799532437,0.364114552893045,-0.23301746562616127,0.21516164994425863,-0.11613706401905523,-0.09309730184885827,0.11011461752292453,88.98853824770755,False,True,False,0.5223528438582942,0.9387493599903225,0.4500835630722642,0.9173725484594397,0.42424242424242425,0.24285714285714285,0.034055727554179564,0.42028985507246375,0.21875,-0.08116883116883117,True,False,True,False
f_delta_mean,-0.09994155464640561,-0.23225566703827574,0.09994155464640561,0.23225566703827574,38,27,-0.033101120946881,-0.05565194923687311,-0.3863237872589129,0.1923144360023374,-0.45746934225195096,0.007060572277963582,-0.13231411239187013,0.13231411239187013,2.323914890657835,-132.3914890657835,True,False,True,0.5335027859943021,0.07662605192779443,0.5597683474895754,0.2510748925107489,0.9696969696969697,-0.5571428571428572,-0.13312693498452013,0.9710144927536232,-0.6458333333333334,-0.18506493506493507,False,False,True,False
b_band_power_low,0.08182349503214495,0.09698996655518395,0.08182349503214495,0.09698996655518395,39,34,1.40432391778236e-34,2.0859424757393544e-34,-0.15958503798947984,0.32207773232027986,-0.12003901895206243,0.31512448903753254,0.015166471523039002,0.015166471523039002,1.1853559483994267,-18.535594839942664,True,False,True,0.6198728944086316,0.5368797777671315,0.7855089491050895,0.8245151094646633,0.015151515151515152,-0.2,0.17956656346749225,0.028985507246376812,-0.11458333333333333,0.09253246753246754,False,False,True,False
a_median,0.04734073641145529,-0.030100334448160536,0.04734073641145529,0.030100334448160536,40,41,0.014386746008138829,-0.0012589855013587226,-0.23553477498538866,0.33722969023962596,-0.2683203270159792,0.21369379412857645,-0.07744107085961582,-0.017240401963294752,0.6358231140839837,36.41768859160163,False,True,False,0.812666134134813,0.8758533191265298,0.7855089491050895,0.8091113965526524,0.4090909090909091,0.10714285714285714,-0.034055727554179564,0.4057971014492754,0.16666666666666666,-0.1737012987012987,False,False,True,False
b_spectral_entropy,0.030976037405026302,0.021924934968413228,0.030976037405026302,0.021924934968413228,41,43,0.009371443097378085,0.005590572719508025,-0.22270601987142022,0.26709526592635885,-0.19139725009290226,0.23745819397993312,-0.009051102436613074,-0.009051102436613074,0.7078030892633025,29.219691073669754,True,False,True,0.897218806015042,0.8925122502779944,0.8328258083282581,0.927007299270073,0.030303030303030304,0.24285714285714285,-0.05263157894736842,0.014492753623188406,0.34375,-0.08116883116883117,False,False,True,False
c_mean_trough_to_peak_time,0.027469316189362946,-0.12671869193608323,0.027469316189362946,0.12671869193608323,42,32,0.010695187165775166,-0.0384615384615386,-0.2331969608416131,0.2817212156633545,-0.34080267558528426,0.09960052025269403,-0.15418800812544617,0.09924937574672028,4.613099614949753,-361.30996149497537,False,True,False,0.8979885429664864,0.389054759423996,0.9158084191580842,0.30296970302969706,0.3333333333333333,0.30714285714285716,-0.17337461300309598,0.2898550724637681,0.28125,-0.36038961038961037,False,False,True,False
f_late_autocorr,0.020455873758036237,-0.08509847640282422,0.020455873758036237,0.08509847640282422,43,36,0.00737819931197542,-0.03245759876961829,-0.24371712448860317,0.288135593220339,-0.31477146042363435,0.14306949089557786,-0.10555435016086046,0.064642602644788,4.160099803578064,-316.0099803578064,False,True,False,0.9209781334366856,0.5823751566092487,0.8328258083282581,0.38594527644009796,-0.696969696969697,0.11428571428571428,0.034055727554179564,-0.7101449275362319,-0.07291666666666667,-0.10714285714285714,False,True,False,False
f_late_mean,0.012857977790765635,-0.026755852842809364,0.012857977790765635,0.026755852842809364,44,42,0.003067385618805929,-0.0082631063467975,-0.26652542372881355,0.30099357101110463,-0.2723894463024898,0.21740988480118886,-0.039613830633575,0.01389787505204373,2.080875646093037,-108.08756460930373,False,True,False,0.9467726521394979,0.8789655511954877,0.8328258083282581,0.8091113965526524,1.0,-0.18571428571428572,-0.19195046439628483,1.0,-0.125,-0.15422077922077923,False,False,True,False
e_autocorr_lagk,0.006428988895382817,-0.06057227796358231,0.006428988895382817,0.06057227796358231,45,39,0.003797520003930799,-0.015907669817170067,-0.2565751022793688,0.27527761542957335,-0.2954292084726867,0.16910070605722752,-0.06700126685896513,0.05414328906819949,9.42174250869903,-842.174250869903,False,True,False,0.9645970043222651,0.697378082168603,0.6974302569743026,0.4918144549181446,0.0,0.0,-0.13312693498452013,-0.014492753623188406,-0.041666666666666664,-0.16233766233766234,False,True,False,False
