Tier,Feature,Feature_Label,Feature_Category,K3_Strict_Signature,Signature_Rank,Signature_N,n,Median,Q1,Q3,IQR
Broader tier,a_mean,Mean of delta,Statistical Summary,K3-DW2a-DK0-PK1-NH2-NK3,1,16,16,0.5895311963332569,0.5881371445071826,0.5900822792325024,0.0019451347253198747
Broader tier,a_mean,Mean of delta,Statistical Summary,K3-DW1-DK1-PK2-NH1-NK1,2,14,14,0.5864898871139341,0.5834571029570451,0.5900340547232239,0.006576951766178785
Broader tier,a_mean,Mean of delta,Statistical Summary,K3-DW1-DK1-PK3-NH1-NK1,3,13,13,0.5841612016999421,0.5796964345778675,0.5901370472968678,0.01044061271900032
Broader tier,a_mean,Mean of delta,Statistical Summary,K3-DW2b-DK0-PK1-NH3-NK2,4,11,11,0.5902057834023552,0.5891577820308734,0.5934935623481985,0.004335780317325066
Broader tier,a_mean,Mean of delta,Statistical Summary,K3-DW2a-DK0-PK1-NH3-NK2,5,8,8,0.5901507749226232,0.5895526945072153,0.5918632900689057,0.0023105955616904428
Broader tier,a_mean,Mean of delta,Statistical Summary,K3-DW2b-DK0-PK1-NH2-NK3,6,7,7,0.5899997089873976,0.5880763477811272,0.5913515551368371,0.0032752073557099637
Broader tier,a_mean,Mean of delta,Statistical Summary,K3-DW2b-DK2-PK1-NH2-NK3,7,7,7,0.5899931431153936,0.5877157956641621,0.5900992190333024,0.002383423369140325
Broader tier,a_mean,Mean of delta,Statistical Summary,K3-DW2b-DK2-PK3-NH3-NK2,8,5,5,0.5900484149834888,0.5888594114443035,0.5909504176683881,0.002091006224084535
Broader tier,a_std,Standard deviation,Statistical Summary,K3-DW2a-DK0-PK1-NH2-NK3,1,16,16,0.02414930452662225,0.0228261286870901,0.02642777177354455,0.0036016430864544494
Broader tier,a_std,Standard deviation,Statistical Summary,K3-DW1-DK1-PK2-NH1-NK1,2,14,14,0.0899327541246909,0.08544941885284554,0.09465362210119921,0.009204203248353665
Broader tier,a_std,Standard deviation,Statistical Summary,K3-DW1-DK1-PK3-NH1-NK1,3,13,13,0.0899153535548663,0.0872281398265492,0.1053178144298138,0.018089674603264605
Broader tier,a_std,Standard deviation,Statistical Summary,K3-DW2b-DK0-PK1-NH3-NK2,4,11,11,0.0423100233514024,0.037475508042443,0.0481506723572246,0.010675164314781604
Broader tier,a_std,Standard deviation,Statistical Summary,K3-DW2a-DK0-PK1-NH3-NK2,5,8,8,0.024791844126413103,0.022237870077522676,0.028407305183343952,0.006169435105821276
Broader tier,a_std,Standard deviation,Statistical Summary,K3-DW2b-DK0-PK1-NH2-NK3,6,7,7,0.0467265600136467,0.0460786281250404,0.0499149089505561,0.003836280825515702
Broader tier,a_std,Standard deviation,Statistical Summary,K3-DW2b-DK2-PK1-NH2-NK3,7,7,7,0.0649644119814074,0.06113592854668415,0.0671257677603507,0.0059898392136665535
Broader tier,a_std,Standard deviation,Statistical Summary,K3-DW2b-DK2-PK3-NH3-NK2,8,5,5,0.063442930923085,0.0584448362722438,0.0644111443999297,0.005966308127685907
Broader tier,a_median,Median,Statistical Summary,K3-DW2a-DK0-PK1-NH2-NK3,1,16,16,0.5884789003365748,0.5882657291418949,0.5901714153496115,0.0019056862077165837
Broader tier,a_median,Median,Statistical Summary,K3-DW1-DK1-PK2-NH1-NK1,2,14,14,0.5897595343227048,0.5854318377070922,0.5963544512073631,0.010922613500270906
Broader tier,a_median,Median,Statistical Summary,K3-DW1-DK1-PK3-NH1-NK1,3,13,13,0.585100029002082,0.584401867336817,0.5901714153496115,0.005769548012794501
Broader tier,a_median,Median,Statistical Summary,K3-DW2b-DK0-PK1-NH3-NK2,4,11,11,0.5885217488179175,0.5875685439254468,0.5895616924227811,0.0019931484973343405
Broader tier,a_median,Median,Statistical Summary,K3-DW2a-DK0-PK1-NH3-NK2,5,8,8,0.588470941559358,0.5867842428994711,0.5889020290898339,0.002117786190362847
Broader tier,a_median,Median,Statistical Summary,K3-DW2b-DK0-PK1-NH2-NK3,6,7,7,0.5901714153496115,0.5876963799460537,0.5918200106692719,0.004123630723218197
Broader tier,a_median,Median,Statistical Summary,K3-DW2b-DK2-PK1-NH2-NK3,7,7,7,0.5867842428994711,0.5827639841374923,0.5897584631106711,0.0069944789731788415
Broader tier,a_median,Median,Statistical Summary,K3-DW2b-DK2-PK3-NH3-NK2,8,5,5,0.5884904103459355,0.5884904103459355,0.5935334253569634,0.005043015011027885
Broader tier,a_skew,Skewness,Statistical Summary,K3-DW2a-DK0-PK1-NH2-NK3,1,16,16,0.1002489410203871,-0.18266789864933927,0.5446347704127753,0.7273026690621146
Broader tier,a_skew,Skewness,Statistical Summary,K3-DW1-DK1-PK2-NH1-NK1,2,14,14,0.0726571637324676,-0.07306608675983331,0.21019987316606425,0.28326595992589754
Broader tier,a_skew,Skewness,Statistical Summary,K3-DW1-DK1-PK3-NH1-NK1,3,13,13,-0.5830995138767077,-0.7558269730931488,-0.1189460874767762,0.6368808856163727
Broader tier,a_skew,Skewness,Statistical Summary,K3-DW2b-DK0-PK1-NH3-NK2,4,11,11,0.2466237334462767,0.13406200872872254,0.6184070672424218,0.48434505851369924
Broader tier,a_skew,Skewness,Statistical Summary,K3-DW2a-DK0-PK1-NH3-NK2,5,8,8,0.11994692631932766,-0.14550521651819356,0.3534089567567999,0.49891417327499343
Broader tier,a_skew,Skewness,Statistical Summary,K3-DW2b-DK0-PK1-NH2-NK3,6,7,7,0.0682517185830709,0.01378019247430055,0.17391753225434806,0.16013733978004752
Broader tier,a_skew,Skewness,Statistical Summary,K3-DW2b-DK2-PK1-NH2-NK3,7,7,7,-0.0575925909336604,-0.2323859938322742,0.060387701147998754,0.29277369498027295
Broader tier,a_skew,Skewness,Statistical Summary,K3-DW2b-DK2-PK3-NH3-NK2,8,5,5,0.1045794088921133,0.0930014327657562,0.1935735182241836,0.10057208545842738
Broader tier,a_kurtosis,Kurtosis,Statistical Summary,K3-DW2a-DK0-PK1-NH2-NK3,1,16,16,0.1558613367910142,-0.0440163982832547,0.859264258222294,0.9032806565055487
Broader tier,a_kurtosis,Kurtosis,Statistical Summary,K3-DW1-DK1-PK2-NH1-NK1,2,14,14,0.42461583288216564,-0.12051850222182448,1.2541211525836244,1.374639654805449
Broader tier,a_kurtosis,Kurtosis,Statistical Summary,K3-DW1-DK1-PK3-NH1-NK1,3,13,13,1.249350580213319,0.7990485081026462,2.477849351910318,1.678800843807672
Broader tier,a_kurtosis,Kurtosis,Statistical Summary,K3-DW2b-DK0-PK1-NH3-NK2,4,11,11,-0.1447838763009281,-0.4033846632667082,1.1277044384443715,1.5310891017110797
Broader tier,a_kurtosis,Kurtosis,Statistical Summary,K3-DW2a-DK0-PK1-NH3-NK2,5,8,8,0.3052210333225755,-0.20743664183430627,1.4093499776066323,1.6167866194409386
Broader tier,a_kurtosis,Kurtosis,Statistical Summary,K3-DW2b-DK0-PK1-NH2-NK3,6,7,7,-0.2799998368583596,-0.48018003488992655,0.0777104967302864,0.557890531620213
Broader tier,a_kurtosis,Kurtosis,Statistical Summary,K3-DW2b-DK2-PK1-NH2-NK3,7,7,7,-0.0730587667807132,-0.30332427393701455,0.15512815249060624,0.4584524264276208
Broader tier,a_kurtosis,Kurtosis,Statistical Summary,K3-DW2b-DK2-PK3-NH3-NK2,8,5,5,-0.5289219142254007,-0.6165061102405329,-0.3846709727061084,0.23183513753442453
Broader tier,b_dominant_freq,Dominant frequency,Oscillation,K3-DW2a-DK0-PK1-NH2-NK3,1,16,16,1.21405648267009,1.0263157894736843,1.4210526315789476,0.3947368421052633
Broader tier,b_dominant_freq,Dominant frequency,Oscillation,K3-DW1-DK1-PK2-NH1-NK1,2,14,14,1.25,1.125,1.3902439024390243,0.2652439024390243
Broader tier,b_dominant_freq,Dominant frequency,Oscillation,K3-DW1-DK1-PK3-NH1-NK1,3,13,13,1.25,0.951219512195122,1.375,0.423780487804878
Broader tier,b_dominant_freq,Dominant frequency,Oscillation,K3-DW2b-DK0-PK1-NH3-NK2,4,11,11,1.0263157894736843,0.84375,1.1532012195121952,0.30945121951219523
Broader tier,b_dominant_freq,Dominant frequency,Oscillation,K3-DW2a-DK0-PK1-NH3-NK2,5,8,8,0.9550706033376124,0.7500000000000001,1.1741014120667521,0.424101412066752
Broader tier,b_dominant_freq,Dominant frequency,Oscillation,K3-DW2b-DK0-PK1-NH2-NK3,6,7,7,1.342105263157895,1.28125,1.3625,0.08125000000000004
Broader tier,b_dominant_freq,Dominant frequency,Oscillation,K3-DW2b-DK2-PK1-NH2-NK3,7,7,7,1.125,1.1151315789473686,1.2835365853658538,0.16840500641848521
Broader tier,b_dominant_freq,Dominant frequency,Oscillation,K3-DW2b-DK2-PK3-NH3-NK2,8,5,5,1.125,1.0625,1.2439024390243905,0.18140243902439046
Broader tier,b_band_power_low,Low-frequency band power,Oscillation,K3-DW2a-DK0-PK1-NH2-NK3,1,16,16,7.1035358015489785e-34,2.964639975035569e-34,3.952157625490483e-33,3.655693627986926e-33
Broader tier,b_band_power_low,Low-frequency band power,Oscillation,K3-DW1-DK1-PK2-NH1-NK1,2,14,14,7.278679170564614e-34,2.551188450637953e-34,1.4032578467960993e-33,1.148139001732304e-33
Broader tier,b_band_power_low,Low-frequency band power,Oscillation,K3-DW1-DK1-PK3-NH1-NK1,3,13,13,2.248255719802044e-33,4.828199374470778e-34,3.389453389336824e-33,2.9066334518897463e-33
Broader tier,b_band_power_low,Low-frequency band power,Oscillation,K3-DW2b-DK0-PK1-NH3-NK2,4,11,11,1.7946892888971366e-33,8.12103423764393e-35,8.801839580721743e-33,8.720629238345304e-33
Broader tier,b_band_power_low,Low-frequency band power,Oscillation,K3-DW2a-DK0-PK1-NH3-NK2,5,8,8,1.1649070456005985e-33,4.587875318405609e-34,3.824117961597703e-33,3.365330429757142e-33
Broader tier,b_band_power_low,Low-frequency band power,Oscillation,K3-DW2b-DK0-PK1-NH2-NK3,6,7,7,2.245581612729913e-33,1.625586904669992e-33,3.8364791982463786e-33,2.2108922935763867e-33
Broader tier,b_band_power_low,Low-frequency band power,Oscillation,K3-DW2b-DK2-PK1-NH2-NK3,7,7,7,2.5893058141206168e-33,8.59312492547777e-34,5.324790244518825e-33,4.465477751971048e-33
Broader tier,b_band_power_low,Low-frequency band power,Oscillation,K3-DW2b-DK2-PK3-NH3-NK2,8,5,5,4.976656474350628e-33,3.478710962049445e-33,6.599260249655252e-33,3.120549287605807e-33
Broader tier,b_band_power_mid,Mid-frequency band power,Oscillation,K3-DW2a-DK0-PK1-NH2-NK3,1,16,16,4.237939630272422e-06,2.4353818411658564e-06,5.2601884018077465e-06,2.82480656064189e-06
Broader tier,b_band_power_mid,Mid-frequency band power,Oscillation,K3-DW1-DK1-PK2-NH1-NK1,2,14,14,7.058239139814363e-05,3.215109212403949e-05,9.742736773511059e-05,6.52762756110711e-05
Broader tier,b_band_power_mid,Mid-frequency band power,Oscillation,K3-DW1-DK1-PK3-NH1-NK1,3,13,13,9.833813518572404e-05,5.804580612407856e-05,0.0002983955937841,0.0002403497876600214
Broader tier,b_band_power_mid,Mid-frequency band power,Oscillation,K3-DW2b-DK0-PK1-NH3-NK2,4,11,11,1.5633074365649517e-05,1.041245091444059e-05,2.7373868210200426e-05,1.6961417295759836e-05
Broader tier,b_band_power_mid,Mid-frequency band power,Oscillation,K3-DW2a-DK0-PK1-NH3-NK2,5,8,8,3.34778020632782e-06,2.6031021961660918e-06,1.2681857674398671e-05,1.0078755478232579e-05
Broader tier,b_band_power_mid,Mid-frequency band power,Oscillation,K3-DW2b-DK0-PK1-NH2-NK3,6,7,7,4.3584146741137086e-05,1.7012837400824954e-05,4.944270027044781e-05,3.242986286962285e-05
Broader tier,b_band_power_mid,Mid-frequency band power,Oscillation,K3-DW2b-DK2-PK1-NH2-NK3,7,7,7,1.606067952631139e-05,9.451753551785896e-06,2.8957174547978794e-05,1.9505420996192897e-05
Broader tier,b_band_power_mid,Mid-frequency band power,Oscillation,K3-DW2b-DK2-PK3-NH3-NK2,8,5,5,4.766091846395384e-05,1.5707846772789904e-05,9.178870900757267e-05,7.608086223478278e-05
Broader tier,b_band_power_high,High-frequency band power,Oscillation,K3-DW2a-DK0-PK1-NH2-NK3,1,16,16,5.2723394113926874e-05,3.603088737364711e-05,6.83848686096662e-05,3.235398123601909e-05
Broader tier,b_band_power_high,High-frequency band power,Oscillation,K3-DW1-DK1-PK2-NH1-NK1,2,14,14,0.000515517932906,0.0003788589839379,0.0006121183793800749,0.00023325939544217492
Broader tier,b_band_power_high,High-frequency band power,Oscillation,K3-DW1-DK1-PK3-NH1-NK1,3,13,13,0.000660870714523,0.0003679336320488,0.0010015776137039,0.0006336439816551
Broader tier,b_band_power_high,High-frequency band power,Oscillation,K3-DW2b-DK0-PK1-NH3-NK2,4,11,11,0.0001953862059761,0.00017815088785589999,0.00024005796977415,6.190708191825e-05
Broader tier,b_band_power_high,High-frequency band power,Oscillation,K3-DW2a-DK0-PK1-NH3-NK2,5,8,8,0.0001154553397743,8.322517989985077e-05,0.000142661480281475,5.943630038162423e-05
Broader tier,b_band_power_high,High-frequency band power,Oscillation,K3-DW2b-DK0-PK1-NH2-NK3,6,7,7,0.0001666684108693,0.00013185066222960002,0.0002003103622005,6.845969997089997e-05
Broader tier,b_band_power_high,High-frequency band power,Oscillation,K3-DW2b-DK2-PK1-NH2-NK3,7,7,7,0.000406192216385,0.00018823334570075,0.00045953491910019997,0.00027130157339944993
Broader tier,b_band_power_high,High-frequency band power,Oscillation,K3-DW2b-DK2-PK3-NH3-NK2,8,5,5,0.0003517625783958,0.0003399049463448,0.0004074694975897,6.756455124489998e-05
Broader tier,b_spectral_entropy,Normalized spectral entropy,Oscillation,K3-DW2a-DK0-PK1-NH2-NK3,1,16,16,0.8086311899727646,0.7772563504764555,0.8153785472979005,0.03812219682144502
Broader tier,b_spectral_entropy,Normalized spectral entropy,Oscillation,K3-DW1-DK1-PK2-NH1-NK1,2,14,14,0.8062739818940139,0.7774241978161902,0.8197503222127749,0.042326124396584675
Broader tier,b_spectral_entropy,Normalized spectral entropy,Oscillation,K3-DW1-DK1-PK3-NH1-NK1,3,13,13,0.8337701770359432,0.8203362647330609,0.8498131946422834,0.02947692990922257
Broader tier,b_spectral_entropy,Normalized spectral entropy,Oscillation,K3-DW2b-DK0-PK1-NH3-NK2,4,11,11,0.831288541280229,0.8074126090055349,0.8487254635685005,0.04131285456296563
Broader tier,b_spectral_entropy,Normalized spectral entropy,Oscillation,K3-DW2a-DK0-PK1-NH3-NK2,5,8,8,0.8524949840253602,0.8403175996671975,0.8626675875444401,0.022349987877242516
Broader tier,b_spectral_entropy,Normalized spectral entropy,Oscillation,K3-DW2b-DK0-PK1-NH2-NK3,6,7,7,0.8131781277538809,0.79626373434432,0.8528579170254417,0.05659418268112171
Broader tier,b_spectral_entropy,Normalized spectral entropy,Oscillation,K3-DW2b-DK2-PK1-NH2-NK3,7,7,7,0.7948687300704409,0.787017734656033,0.8108110609536558,0.023793326297622874
Broader tier,b_spectral_entropy,Normalized spectral entropy,Oscillation,K3-DW2b-DK2-PK3-NH3-NK2,8,5,5,0.8550672863033141,0.8409578792808304,0.8571101113806853,0.016152232099854835
Broader tier,b_spectral_flatness,Spectral flatness,Oscillation,K3-DW2a-DK0-PK1-NH2-NK3,1,16,16,0.24193259794666624,0.21599567642846237,0.2747167190477785,0.05872104261931613
Broader tier,b_spectral_flatness,Spectral flatness,Oscillation,K3-DW1-DK1-PK2-NH1-NK1,2,14,14,0.2175272771610968,0.18310320468727193,0.23902300189287723,0.055919797205605304
Broader tier,b_spectral_flatness,Spectral flatness,Oscillation,K3-DW1-DK1-PK3-NH1-NK1,3,13,13,0.2571375660256765,0.2423522810166934,0.2676634540579313,0.025311173041237894
Broader tier,b_spectral_flatness,Spectral flatness,Oscillation,K3-DW2b-DK0-PK1-NH3-NK2,4,11,11,0.2819891100068069,0.2660770510761403,0.28802745262327495,0.021950401547134624
Broader tier,b_spectral_flatness,Spectral flatness,Oscillation,K3-DW2a-DK0-PK1-NH3-NK2,5,8,8,0.2791364945078786,0.2627563731794435,0.28491485139545203,0.022158478216008526
Broader tier,b_spectral_flatness,Spectral flatness,Oscillation,K3-DW2b-DK0-PK1-NH2-NK3,6,7,7,0.2853726034699135,0.24612027839617795,0.3062002290199257,0.06007995062374777
Broader tier,b_spectral_flatness,Spectral flatness,Oscillation,K3-DW2b-DK2-PK1-NH2-NK3,7,7,7,0.2120607347661702,0.20940927941109672,0.22423693438103792,0.014827654969941206
Broader tier,b_spectral_flatness,Spectral flatness,Oscillation,K3-DW2b-DK2-PK3-NH3-NK2,8,5,5,0.281035953742105,0.2699623951937173,0.2813864198193778,0.0114240246256605
Broader tier,c_avg_time_between_peaks,Average time between peaks,Peak & Trough Timing,K3-DW2a-DK0-PK1-NH2-NK3,1,16,16,2.70979020979021,2.466666666666667,2.8181818181818183,0.35151515151515156
Broader tier,c_avg_time_between_peaks,Average time between peaks,Peak & Trough Timing,K3-DW1-DK1-PK2-NH1-NK1,2,14,14,2.75,2.640625,2.842948717948718,0.20232371794871806
Broader tier,c_avg_time_between_peaks,Average time between peaks,Peak & Trough Timing,K3-DW1-DK1-PK3-NH1-NK1,3,13,13,2.857142857142857,2.647058823529412,3.0,0.35294117647058787
Broader tier,c_avg_time_between_peaks,Average time between peaks,Peak & Trough Timing,K3-DW2b-DK0-PK1-NH3-NK2,4,11,11,3.071428571428572,2.925,3.174242424242424,0.24924242424242404
Broader tier,c_avg_time_between_peaks,Average time between peaks,Peak & Trough Timing,K3-DW2a-DK0-PK1-NH3-NK2,5,8,8,2.958333333333333,2.895833333333333,3.0931818181818183,0.19734848484848522
Broader tier,c_avg_time_between_peaks,Average time between peaks,Peak & Trough Timing,K3-DW2b-DK0-PK1-NH2-NK3,6,7,7,2.647058823529412,2.5861344537815123,2.7416666666666667,0.1555322128851544
Broader tier,c_avg_time_between_peaks,Average time between peaks,Peak & Trough Timing,K3-DW2b-DK2-PK1-NH2-NK3,7,7,7,2.6666666666666665,2.5753676470588234,2.833333333333333,0.25796568627450966
Broader tier,c_avg_time_between_peaks,Average time between peaks,Peak & Trough Timing,K3-DW2b-DK2-PK3-NH3-NK2,8,5,5,3.0,2.8461538461538463,3.0,0.15384615384615374
Broader tier,c_std_time_between_peaks,Std dev of time between peaks,Peak & Trough Timing,K3-DW2a-DK0-PK1-NH2-NK3,1,16,16,0.747726234717547,0.6754120729494703,0.9136774342411775,0.23826536129170728
Broader tier,c_std_time_between_peaks,Std dev of time between peaks,Peak & Trough Timing,K3-DW1-DK1-PK2-NH1-NK1,2,14,14,0.8159858268359532,0.7277151026505176,0.8919287126069635,0.16421360995644585
Broader tier,c_std_time_between_peaks,Std dev of time between peaks,Peak & Trough Timing,K3-DW1-DK1-PK3-NH1-NK1,3,13,13,0.7985957062499248,0.7624400821656306,0.9147320339189784,0.15229195175334775
Broader tier,c_std_time_between_peaks,Std dev of time between peaks,Peak & Trough Timing,K3-DW2b-DK0-PK1-NH3-NK2,4,11,11,1.4024771473219555,0.9668708397965406,1.440968038815882,0.47409719901934144
Broader tier,c_std_time_between_peaks,Std dev of time between peaks,Peak & Trough Timing,K3-DW2a-DK0-PK1-NH3-NK2,5,8,8,1.1356734153923522,0.9309550368572507,1.4959054190264354,0.5649503821691847
Broader tier,c_std_time_between_peaks,Std dev of time between peaks,Peak & Trough Timing,K3-DW2b-DK0-PK1-NH2-NK3,6,7,7,0.7717224601860151,0.5980046931235068,0.9139377905828595,0.3159330974593527
Broader tier,c_std_time_between_peaks,Std dev of time between peaks,Peak & Trough Timing,K3-DW2b-DK2-PK1-NH2-NK3,7,7,7,0.8537498983243798,0.7629678223021447,0.950629409116778,0.1876615868146333
Broader tier,c_std_time_between_peaks,Std dev of time between peaks,Peak & Trough Timing,K3-DW2b-DK2-PK3-NH3-NK2,8,5,5,0.9682458365518544,0.8634593969478327,1.0986812966989,0.23522189975106722
Broader tier,c_std_time_between_troughs,Std dev of time between troughs,Peak & Trough Timing,K3-DW2a-DK0-PK1-NH2-NK3,1,16,16,0.7187106611128287,0.6314179190713476,0.8719764146748121,0.24055849560346454
Broader tier,c_std_time_between_troughs,Std dev of time between troughs,Peak & Trough Timing,K3-DW1-DK1-PK2-NH1-NK1,2,14,14,0.8693139118896241,0.7196205967303974,0.9524380426592624,0.232817445928865
Broader tier,c_std_time_between_troughs,Std dev of time between troughs,Peak & Trough Timing,K3-DW1-DK1-PK3-NH1-NK1,3,13,13,0.8624393618641035,0.7178482586514923,0.9609731462195508,0.2431248875680585
Broader tier,c_std_time_between_troughs,Std dev of time between troughs,Peak & Trough Timing,K3-DW2b-DK0-PK1-NH3-NK2,4,11,11,1.222660197758835,1.0397123884973731,1.4818523832419217,0.44213999474454857
Broader tier,c_std_time_between_troughs,Std dev of time between troughs,Peak & Trough Timing,K3-DW2a-DK0-PK1-NH3-NK2,5,8,8,1.3234491046441992,1.1489840789020846,1.491880706207425,0.34289662730534043
Broader tier,c_std_time_between_troughs,Std dev of time between troughs,Peak & Trough Timing,K3-DW2b-DK0-PK1-NH2-NK3,6,7,7,0.7905694150420949,0.6512845587781386,0.8772421464529406,0.225957587674802
Broader tier,c_std_time_between_troughs,Std dev of time between troughs,Peak & Trough Timing,K3-DW2b-DK2-PK1-NH2-NK3,7,7,7,0.7692307692307693,0.747677996249965,0.8101060603729483,0.062428064122983296
Broader tier,c_std_time_between_troughs,Std dev of time between troughs,Peak & Trough Timing,K3-DW2b-DK2-PK3-NH3-NK2,8,5,5,1.0624918300339483,1.0126747770541304,1.0714144828603167,0.05873970580618626
Broader tier,c_mean_peak_to_trough_time,Mean fall time,Peak & Trough Timing,K3-DW2a-DK0-PK1-NH2-NK3,1,16,16,1.3333333333333333,1.25,1.4711538461538463,0.22115384615384626
Broader tier,c_mean_peak_to_trough_time,Mean fall time,Peak & Trough Timing,K3-DW1-DK1-PK2-NH1-NK1,2,14,14,1.336466165413534,1.265625,1.4903846153846154,0.22475961538461542
Broader tier,c_mean_peak_to_trough_time,Mean fall time,Peak & Trough Timing,K3-DW1-DK1-PK3-NH1-NK1,3,13,13,1.3333333333333333,1.2941176470588236,1.4,0.10588235294117632
Broader tier,c_mean_peak_to_trough_time,Mean fall time,Peak & Trough Timing,K3-DW2b-DK0-PK1-NH3-NK2,4,11,11,1.5,1.4476190476190476,1.5454545454545454,0.09783549783549783
Broader tier,c_mean_peak_to_trough_time,Mean fall time,Peak & Trough Timing,K3-DW2a-DK0-PK1-NH3-NK2,5,8,8,1.5608974358974357,1.4791666666666667,1.6818181818181819,0.20265151515151514
Broader tier,c_mean_peak_to_trough_time,Mean fall time,Peak & Trough Timing,K3-DW2b-DK0-PK1-NH2-NK3,6,7,7,1.3529411764705883,1.2991071428571428,1.4182692307692308,0.11916208791208804
Broader tier,c_mean_peak_to_trough_time,Mean fall time,Peak & Trough Timing,K3-DW2b-DK2-PK1-NH2-NK3,7,7,7,1.2777777777777777,1.2083333333333335,1.3798076923076923,0.1714743589743588
Broader tier,c_mean_peak_to_trough_time,Mean fall time,Peak & Trough Timing,K3-DW2b-DK2-PK3-NH3-NK2,8,5,5,1.3125,1.3076923076923077,1.4615384615384617,0.15384615384615397
Broader tier,c_mean_trough_to_peak_time,Mean rise time,Peak & Trough Timing,K3-DW2a-DK0-PK1-NH2-NK3,1,16,16,1.3636363636363635,1.2142857142857142,1.4285714285714286,0.2142857142857144
Broader tier,c_mean_trough_to_peak_time,Mean rise time,Peak & Trough Timing,K3-DW1-DK1-PK2-NH1-NK1,2,14,14,1.3639705882352942,1.2589285714285714,1.4926470588235294,0.23371848739495804
Broader tier,c_mean_trough_to_peak_time,Mean rise time,Peak & Trough Timing,K3-DW1-DK1-PK3-NH1-NK1,3,13,13,1.4615384615384617,1.3529411764705883,1.6,0.24705882352941178
Broader tier,c_mean_trough_to_peak_time,Mean rise time,Peak & Trough Timing,K3-DW2b-DK0-PK1-NH3-NK2,4,11,11,1.5333333333333334,1.4356060606060606,1.6181818181818182,0.1825757575757576
Broader tier,c_mean_trough_to_peak_time,Mean rise time,Peak & Trough Timing,K3-DW2a-DK0-PK1-NH3-NK2,5,8,8,1.3741258741258742,1.356060606060606,1.4755244755244754,0.11946386946386944
Broader tier,c_mean_trough_to_peak_time,Mean rise time,Peak & Trough Timing,K3-DW2b-DK0-PK1-NH2-NK3,6,7,7,1.3529411764705883,1.2549019607843137,1.3785714285714286,0.12366946778711485
Broader tier,c_mean_trough_to_peak_time,Mean rise time,Peak & Trough Timing,K3-DW2b-DK2-PK1-NH2-NK3,7,7,7,1.411764705882353,1.3687782805429864,1.4246323529411766,0.05585407239819018
Broader tier,c_mean_trough_to_peak_time,Mean rise time,Peak & Trough Timing,K3-DW2b-DK2-PK3-NH3-NK2,8,5,5,1.4615384615384617,1.4375,1.6153846153846154,0.17788461538461542
Broader tier,d_slope_magnitude,Slope of oscillation magnitude,Magnitude Change,K3-DW2a-DK0-PK1-NH2-NK3,1,16,16,-0.0008314172176155,-0.0012538930743788749,-0.0006222518977532,0.0006316411766256749
Broader tier,d_slope_magnitude,Slope of oscillation magnitude,Magnitude Change,K3-DW1-DK1-PK2-NH1-NK1,2,14,14,-0.0050824782153498,-0.0067197201605188,-0.00434767534539335,0.00237204481512545
Broader tier,d_slope_magnitude,Slope of oscillation magnitude,Magnitude Change,K3-DW1-DK1-PK3-NH1-NK1,3,13,13,-0.0026999025834858,-0.0052543259706159,-0.0023955077834758,0.0028588181871401
Broader tier,d_slope_magnitude,Slope of oscillation magnitude,Magnitude Change,K3-DW2b-DK0-PK1-NH3-NK2,4,11,11,-0.0008568222400889,-0.0013859568266336,7.819006704426251e-05,0.0014641468936778626
Broader tier,d_slope_magnitude,Slope of oscillation magnitude,Magnitude Change,K3-DW2a-DK0-PK1-NH3-NK2,5,8,8,-0.0005684579521311,-0.001569725731078925,-0.0004909314662413,0.001078794264837625
Broader tier,d_slope_magnitude,Slope of oscillation magnitude,Magnitude Change,K3-DW2b-DK0-PK1-NH2-NK3,6,7,7,0.0001305404882409,-0.0012270863882732999,0.00019870582663425,0.0014257922149075498
Broader tier,d_slope_magnitude,Slope of oscillation magnitude,Magnitude Change,K3-DW2b-DK2-PK1-NH2-NK3,7,7,7,-0.0013877513018013,-0.0015039414882259,-0.00024413936674285,0.00125980212148305
Broader tier,d_slope_magnitude,Slope of oscillation magnitude,Magnitude Change,K3-DW2b-DK2-PK3-NH3-NK2,8,5,5,-0.0006269238076703,-0.0020283791191204,-0.0001851344231943,0.0018432446959261001
Broader tier,d_poly_mag_c0,Magnitude poly fit (c0),Magnitude Change,K3-DW2a-DK0-PK1-NH2-NK3,1,16,16,0.0991122254380806,0.055409034820846345,0.13609111630379966,0.08068208148295332
Broader tier,d_poly_mag_c0,Magnitude poly fit (c0),Magnitude Change,K3-DW1-DK1-PK2-NH1-NK1,2,14,14,0.308257733113203,0.2532797243759481,0.3418068213228318,0.08852709694688371
Broader tier,d_poly_mag_c0,Magnitude poly fit (c0),Magnitude Change,K3-DW1-DK1-PK3-NH1-NK1,3,13,13,0.150110302450449,0.0481004819498422,0.1766475774088786,0.1285470954590364
Broader tier,d_poly_mag_c0,Magnitude poly fit (c0),Magnitude Change,K3-DW2b-DK0-PK1-NH3-NK2,4,11,11,0.0750625118121974,0.06449185540390184,0.20464397953978108,0.14015212413587924
Broader tier,d_poly_mag_c0,Magnitude poly fit (c0),Magnitude Change,K3-DW2a-DK0-PK1-NH3-NK2,5,8,8,0.04111831604652925,0.032280690871481374,0.13691451040756528,0.1046338195360839
Broader tier,d_poly_mag_c0,Magnitude poly fit (c0),Magnitude Change,K3-DW2b-DK0-PK1-NH2-NK3,6,7,7,0.0829496615108465,0.0647776688513368,0.20476536696520614,0.13998769811386935
Broader tier,d_poly_mag_c0,Magnitude poly fit (c0),Magnitude Change,K3-DW2b-DK2-PK1-NH2-NK3,7,7,7,0.1274477557815223,0.11527282293112576,0.15788648474154565,0.042613661810419895
Broader tier,d_poly_mag_c0,Magnitude poly fit (c0),Magnitude Change,K3-DW2b-DK2-PK3-NH3-NK2,8,5,5,0.0315084920531619,0.001932747066685,0.0925775817503983,0.0906448346837133
Broader tier,d_poly_mag_c1,Magnitude poly fit (c1),Magnitude Change,K3-DW2a-DK0-PK1-NH2-NK3,1,16,16,-0.0088284111366203,-0.021795385607217672,-0.0011638921434763499,0.020631493463741324
Broader tier,d_poly_mag_c1,Magnitude poly fit (c1),Magnitude Change,K3-DW1-DK1-PK2-NH1-NK1,2,14,14,-0.00531694274067995,-0.01559707903837445,0.0031682303204588497,0.018765309358833297
Broader tier,d_poly_mag_c1,Magnitude poly fit (c1),Magnitude Change,K3-DW1-DK1-PK3-NH1-NK1,3,13,13,0.0143183520813091,0.0105662779559763,0.0271766603726852,0.0166103824167089
Broader tier,d_poly_mag_c1,Magnitude poly fit (c1),Magnitude Change,K3-DW2b-DK0-PK1-NH3-NK2,4,11,11,-0.0020971909343188,-0.0183665392748483,0.00825963586388075,0.02662617513872905
Broader tier,d_poly_mag_c1,Magnitude poly fit (c1),Magnitude Change,K3-DW2a-DK0-PK1-NH3-NK2,5,8,8,0.002038387939808,-0.01101761113544475,0.004972625492332075,0.015990236627776825
Broader tier,d_poly_mag_c1,Magnitude poly fit (c1),Magnitude Change,K3-DW2b-DK0-PK1-NH2-NK3,6,7,7,0.0035224723720965,-0.0172599678040357,0.00616269501568655,0.023422662819722252
Broader tier,d_poly_mag_c1,Magnitude poly fit (c1),Magnitude Change,K3-DW2b-DK2-PK1-NH2-NK3,7,7,7,-0.0024878517878968,-0.00834694294342995,0.00229343404311895,0.0106403769865489
Broader tier,d_poly_mag_c1,Magnitude poly fit (c1),Magnitude Change,K3-DW2b-DK2-PK3-NH3-NK2,8,5,5,0.022740928147606,0.0085708122517979,0.0259940985148666,0.017423286263068702
Broader tier,d_poly_mag_c2,Magnitude poly fit (c2),Magnitude Change,K3-DW2a-DK0-PK1-NH2-NK3,1,16,16,0.00037922164250305,-2.9585979949963625e-05,0.0011535513648909998,0.0011831373448409634
Broader tier,d_poly_mag_c2,Magnitude poly fit (c2),Magnitude Change,K3-DW1-DK1-PK2-NH1-NK1,2,14,14,-5.435191914670045e-05,-0.00042664063663885003,0.00057077685276715,0.0009974174894060001
Broader tier,d_poly_mag_c2,Magnitude poly fit (c2),Magnitude Change,K3-DW1-DK1-PK3-NH1-NK1,3,13,13,-0.0010134437657182,-0.0014836346507488,-0.000682206846346,0.0008014278044028001
Broader tier,d_poly_mag_c2,Magnitude poly fit (c2),Magnitude Change,K3-DW2b-DK0-PK1-NH3-NK2,4,11,11,-0.0002234647083744,-0.00043404850129935004,0.00059446251024865,0.0010285110115480002
Broader tier,d_poly_mag_c2,Magnitude poly fit (c2),Magnitude Change,K3-DW2a-DK0-PK1-NH3-NK2,5,8,8,-0.0001813181197526,-0.00028253970186665,0.00035859660510212496,0.0006411363069687749
Broader tier,d_poly_mag_c2,Magnitude poly fit (c2),Magnitude Change,K3-DW2b-DK0-PK1-NH2-NK3,6,7,7,-0.0002833002788991,-0.0003523439708507,0.00061001832037305,0.00096236229122375
Broader tier,d_poly_mag_c2,Magnitude poly fit (c2),Magnitude Change,K3-DW2b-DK2-PK1-NH2-NK3,7,7,7,2.4653029165362975e-05,-0.0001098067417786749,0.00043775823903799996,0.0005475649808166749
Broader tier,d_poly_mag_c2,Magnitude poly fit (c2),Magnitude Change,K3-DW2b-DK2-PK3-NH3-NK2,8,5,5,-0.0009708636162892,-0.0010981271840395,-0.0007425413987751,0.0003555857852644
Broader tier,d_poly_mag_c3,Magnitude poly fit (c3),Magnitude Change,K3-DW2a-DK0-PK1-NH2-NK3,1,16,16,-5.364511655628857e-06,-1.7567067457583352e-05,9.912569258712518e-07,1.8558324383454604e-05
Broader tier,d_poly_mag_c3,Magnitude poly fit (c3),Magnitude Change,K3-DW1-DK1-PK2-NH1-NK1,2,14,14,-2.2237452733451338e-07,-8.872931067239152e-06,7.1879429199718295e-06,1.606087398721098e-05
Broader tier,d_poly_mag_c3,Magnitude poly fit (c3),Magnitude Change,K3-DW1-DK1-PK3-NH1-NK1,3,13,13,1.308420409841949e-05,7.832464674525736e-06,2.0432334998471305e-05,1.259987032394557e-05
Broader tier,d_poly_mag_c3,Magnitude poly fit (c3),Magnitude Change,K3-DW2b-DK0-PK1-NH3-NK2,4,11,11,2.7247763193303237e-06,-6.367839743325025e-06,6.832096684622762e-06,1.3199936427947788e-05
Broader tier,d_poly_mag_c3,Magnitude poly fit (c3),Magnitude Change,K3-DW2a-DK0-PK1-NH3-NK2,5,8,8,3.23679677446636e-06,-2.9020729991767086e-06,4.387487108744074e-06,7.289560107920782e-06
Broader tier,d_poly_mag_c3,Magnitude poly fit (c3),Magnitude Change,K3-DW2b-DK0-PK1-NH2-NK3,6,7,7,1.2897323033933453e-06,-6.613684976315176e-06,4.618200632161935e-06,1.1231885608477111e-05
Broader tier,d_poly_mag_c3,Magnitude poly fit (c3),Magnitude Change,K3-DW2b-DK2-PK1-NH2-NK3,7,7,7,-5.921004821834946e-07,-7.74179160440931e-06,2.194587869167157e-06,9.936379473576468e-06
Broader tier,d_poly_mag_c3,Magnitude poly fit (c3),Magnitude Change,K3-DW2b-DK2-PK3-NH3-NK2,8,5,5,1.3718602974858843e-05,1.0076913604598473e-05,1.574161761435276e-05,5.6647040097542885e-06
Broader tier,d_poly_peak_c0,Peak magnitude poly fit (c0),Magnitude Change,K3-DW2a-DK0-PK1-NH2-NK3,1,16,16,0.6526375893946939,0.631521948972309,0.6592009379289583,0.02767898895664933
Broader tier,d_poly_peak_c0,Peak magnitude poly fit (c0),Magnitude Change,K3-DW1-DK1-PK2-NH1-NK1,2,14,14,0.7461066489294698,0.7108472836577365,0.7757667322092985,0.06491944855156195
Broader tier,d_poly_peak_c0,Peak magnitude poly fit (c0),Magnitude Change,K3-DW1-DK1-PK3-NH1-NK1,3,13,13,0.6295098329837548,0.6126873199500565,0.6583102601778982,0.045622940227841635
Broader tier,d_poly_peak_c0,Peak magnitude poly fit (c0),Magnitude Change,K3-DW2b-DK0-PK1-NH3-NK2,4,11,11,0.6436722077850848,0.6312487313251108,0.6888680247420141,0.057619293416903306
Broader tier,d_poly_peak_c0,Peak magnitude poly fit (c0),Magnitude Change,K3-DW2a-DK0-PK1-NH3-NK2,5,8,8,0.6166617044678846,0.5999238409417068,0.6419005148850407,0.04197667394333393
Broader tier,d_poly_peak_c0,Peak magnitude poly fit (c0),Magnitude Change,K3-DW2b-DK0-PK1-NH2-NK3,6,7,7,0.6602128468074934,0.6374084690894655,0.6832304220816343,0.045821952992168846
Broader tier,d_poly_peak_c0,Peak magnitude poly fit (c0),Magnitude Change,K3-DW2b-DK2-PK1-NH2-NK3,7,7,7,0.6548189379593112,0.6432391442141816,0.6666366799865894,0.023397535772407774
Broader tier,d_poly_peak_c0,Peak magnitude poly fit (c0),Magnitude Change,K3-DW2b-DK2-PK3-NH3-NK2,8,5,5,0.5999015953115583,0.5701842791872657,0.602282587455707,0.03209830826844129
Broader tier,d_poly_peak_c1,Peak magnitude poly fit (c1),Magnitude Change,K3-DW2a-DK0-PK1-NH2-NK3,1,16,16,-0.0062565054480673,-0.01086631557160185,-0.002840686577407925,0.008025628994193925
Broader tier,d_poly_peak_c1,Peak magnitude poly fit (c1),Magnitude Change,K3-DW1-DK1-PK2-NH1-NK1,2,14,14,-0.0012970080162735,-0.0148386711253175,0.0013806514044511502,0.01621932252976865
Broader tier,d_poly_peak_c1,Peak magnitude poly fit (c1),Magnitude Change,K3-DW1-DK1-PK3-NH1-NK1,3,13,13,0.0131916922320528,0.0089437081910236,0.0234094543889678,0.014465746197944199
Broader tier,d_poly_peak_c1,Peak magnitude poly fit (c1),Magnitude Change,K3-DW2b-DK0-PK1-NH3-NK2,4,11,11,0.0007774697728463,-0.0091374057582231,0.00337221535110385,0.01250962110932695
Broader tier,d_poly_peak_c1,Peak magnitude poly fit (c1),Magnitude Change,K3-DW2a-DK0-PK1-NH3-NK2,5,8,8,0.00112076964733015,-0.00149811792199545,0.00189176531390335,0.0033898832358988003
Broader tier,d_poly_peak_c1,Peak magnitude poly fit (c1),Magnitude Change,K3-DW2b-DK0-PK1-NH2-NK3,6,7,7,-0.0070852180091873,-0.00914150304237015,-0.00163409183176735,0.007507411210602799
Broader tier,d_poly_peak_c1,Peak magnitude poly fit (c1),Magnitude Change,K3-DW2b-DK2-PK1-NH2-NK3,7,7,7,-0.0024611700772198,-0.0038584463637642,-0.0010669583490872,0.002791488014677
Broader tier,d_poly_peak_c1,Peak magnitude poly fit (c1),Magnitude Change,K3-DW2b-DK2-PK3-NH3-NK2,8,5,5,0.0124111652005594,0.0106549789710933,0.0137621957433992,0.0031072167723058992
Broader tier,d_poly_peak_c2,Peak magnitude poly fit (c2),Magnitude Change,K3-DW2a-DK0-PK1-NH2-NK3,1,16,16,0.0003078441780362,9.487686275191851e-05,0.00055690992059425,0.0004620330578423315
Broader tier,d_poly_peak_c2,Peak magnitude poly fit (c2),Magnitude Change,K3-DW1-DK1-PK2-NH1-NK1,2,14,14,-0.00011287040818551346,-0.00028561661535152504,0.000384810304538875,0.0006704269198904
Broader tier,d_poly_peak_c2,Peak magnitude poly fit (c2),Magnitude Change,K3-DW1-DK1-PK3-NH1-NK1,3,13,13,-0.0007706673737159,-0.0012651212031589,-0.0003966911871553,0.0008684300160036
Broader tier,d_poly_peak_c2,Peak magnitude poly fit (c2),Magnitude Change,K3-DW2b-DK0-PK1-NH3-NK2,4,11,11,-5.4622735403418656e-05,-0.00010047507328415423,0.00035687669664964997,0.0004573517699338042
Broader tier,d_poly_peak_c2,Peak magnitude poly fit (c2),Magnitude Change,K3-DW2a-DK0-PK1-NH3-NK2,5,8,8,-5.9062227041410627e-05,-0.000191640523350725,3.508361231688555e-05,0.00022672413566761056
Broader tier,d_poly_peak_c2,Peak magnitude poly fit (c2),Magnitude Change,K3-DW2b-DK0-PK1-NH2-NK3,6,7,7,0.0003774206575745,0.0001615364377711734,0.00040978853115555,0.00024825209338437664
Broader tier,d_poly_peak_c2,Peak magnitude poly fit (c2),Magnitude Change,K3-DW2b-DK2-PK1-NH2-NK3,7,7,7,0.0001750521322716,8.149188587954055e-05,0.0002181897924278,0.00013669790654825944
Broader tier,d_poly_peak_c2,Peak magnitude poly fit (c2),Magnitude Change,K3-DW2b-DK2-PK3-NH3-NK2,8,5,5,-0.0005902869442069,-0.0006579598840954,-0.0005827741272295,7.51857568659e-05
Broader tier,d_poly_peak_c3,Peak magnitude poly fit (c3),Magnitude Change,K3-DW2a-DK0-PK1-NH2-NK3,1,16,16,-4.772947596527056e-06,-8.941589515672351e-06,-5.65016574075289e-07,8.376572941597063e-06
Broader tier,d_poly_peak_c3,Peak magnitude poly fit (c3),Magnitude Change,K3-DW1-DK1-PK2-NH1-NK1,2,14,14,1.1105922762200553e-06,-4.247273747638114e-06,5.166746170308059e-06,9.414019917946173e-06
Broader tier,d_poly_peak_c3,Peak magnitude poly fit (c3),Magnitude Change,K3-DW1-DK1-PK3-NH1-NK1,3,13,13,1.0573861883126882e-05,4.191273795899545e-06,1.8762607988383703e-05,1.4571334192484158e-05
Broader tier,d_poly_peak_c3,Peak magnitude poly fit (c3),Magnitude Change,K3-DW2b-DK0-PK1-NH3-NK2,4,11,11,1.3551733213166645e-07,-5.168475113505994e-06,5.788575873647301e-07,5.747332700870724e-06
Broader tier,d_poly_peak_c3,Peak magnitude poly fit (c3),Magnitude Change,K3-DW2a-DK0-PK1-NH3-NK2,5,8,8,9.529070476492591e-07,-8.647490572615335e-07,3.554795427571001e-06,4.419544484832534e-06
Broader tier,d_poly_peak_c3,Peak magnitude poly fit (c3),Magnitude Change,K3-DW2b-DK0-PK1-NH2-NK3,6,7,7,-5.773562037641303e-06,-6.749531873447082e-06,-2.1323910406444555e-06,4.6171408328026265e-06
Broader tier,d_poly_peak_c3,Peak magnitude poly fit (c3),Magnitude Change,K3-DW2b-DK2-PK1-NH2-NK3,7,7,7,-2.3284559169213787e-06,-3.753728512360555e-06,-1.296941851445606e-06,2.456786660914949e-06
Broader tier,d_poly_peak_c3,Peak magnitude poly fit (c3),Magnitude Change,K3-DW2b-DK2-PK3-NH3-NK2,8,5,5,9.084511700505312e-06,7.003962503016978e-06,1.1676793901715528e-05,4.67283139869855e-06
Broader tier,d_poly_trough_c0,Trough magnitude poly fit (c0),Magnitude Change,K3-DW2a-DK0-PK1-NH2-NK3,1,16,16,0.5492333180859983,0.528347278141567,0.5605017085436461,0.032154430402079104
Broader tier,d_poly_trough_c0,Trough magnitude poly fit (c0),Magnitude Change,K3-DW1-DK1-PK2-NH1-NK1,2,14,14,0.4266833283298974,0.4068131859451575,0.4635095032964537,0.05669631735129621
Broader tier,d_poly_trough_c0,Trough magnitude poly fit (c0),Magnitude Change,K3-DW1-DK1-PK3-NH1-NK1,3,13,13,0.5086878708973582,0.4863990182524476,0.5160837121374979,0.02968469388505035
Broader tier,d_poly_trough_c0,Trough magnitude poly fit (c0),Magnitude Change,K3-DW2b-DK0-PK1-NH3-NK2,4,11,11,0.5200401740385301,0.49377925112024673,0.5676255453834481,0.07384629426320138
Broader tier,d_poly_trough_c0,Trough magnitude poly fit (c0),Magnitude Change,K3-DW2a-DK0-PK1-NH3-NK2,5,8,8,0.5534476463490154,0.5231596987766366,0.5713946340068627,0.04823493523022615
Broader tier,d_poly_trough_c0,Trough magnitude poly fit (c0),Magnitude Change,K3-DW2b-DK0-PK1-NH2-NK3,6,7,7,0.5510719950041807,0.4738970485615498,0.5686837336121289,0.09478668505057908
Broader tier,d_poly_trough_c0,Trough magnitude poly fit (c0),Magnitude Change,K3-DW2b-DK2-PK1-NH2-NK3,7,7,7,0.5075227588160822,0.48862574335913755,0.5459922017679618,0.05736645840882426
Broader tier,d_poly_trough_c0,Trough magnitude poly fit (c0),Magnitude Change,K3-DW2b-DK2-PK3-NH3-NK2,8,5,5,0.5671663428904994,0.5136717104782338,0.5786923359509394,0.0650206254727056
Broader tier,d_poly_trough_c1,Trough magnitude poly fit (c1),Magnitude Change,K3-DW2a-DK0-PK1-NH2-NK3,1,16,16,0.0019728542528511,-0.001620395384796575,0.008245637886899375,0.00986603327169595
Broader tier,d_poly_trough_c1,Trough magnitude poly fit (c1),Magnitude Change,K3-DW1-DK1-PK2-NH1-NK1,2,14,14,0.0046181800709221,-0.0018531529118967999,0.01050290727964355,0.01235606019154035
Broader tier,d_poly_trough_c1,Trough magnitude poly fit (c1),Magnitude Change,K3-DW1-DK1-PK3-NH1-NK1,3,13,13,-0.0025590948069249,-0.0072181873846038,-0.0019577976286451,0.005260389755958701
Broader tier,d_poly_trough_c1,Trough magnitude poly fit (c1),Magnitude Change,K3-DW2b-DK0-PK1-NH3-NK2,4,11,11,0.0017345823401878,-0.0058796586043288,0.0089635844121147,0.0148432430164435
Broader tier,d_poly_trough_c1,Trough magnitude poly fit (c1),Magnitude Change,K3-DW2a-DK0-PK1-NH3-NK2,5,8,8,0.00075901373983675,-0.00227030645268855,0.00391564413295965,0.006185950585648199
Broader tier,d_poly_trough_c1,Trough magnitude poly fit (c1),Magnitude Change,K3-DW2b-DK0-PK1-NH2-NK3,6,7,7,-0.0023895355089982,-0.0056296527588948,0.009005639917985999,0.014635292676880799
Broader tier,d_poly_trough_c1,Trough magnitude poly fit (c1),Magnitude Change,K3-DW2b-DK2-PK1-NH2-NK3,7,7,7,0.0044601845629577,-0.0044976519784345,0.0068681736662719,0.011365825644706399
Broader tier,d_poly_trough_c1,Trough magnitude poly fit (c1),Magnitude Change,K3-DW2b-DK2-PK3-NH3-NK2,8,5,5,-0.0089161160332968,-0.0157439293519287,0.0005839422640425,0.016327871615971202
Broader tier,d_poly_trough_c2,Trough magnitude poly fit (c2),Magnitude Change,K3-DW2a-DK0-PK1-NH2-NK3,1,16,16,-8.962955097389745e-05,-0.00049102047238075,0.0001229928414179,0.00061401331379865
Broader tier,d_poly_trough_c2,Trough magnitude poly fit (c2),Magnitude Change,K3-DW1-DK1-PK2-NH1-NK1,2,14,14,-7.46688787930764e-05,-0.00040580265623265,0.00034485909241972496,0.000750661748652375
Broader tier,d_poly_trough_c2,Trough magnitude poly fit (c2),Magnitude Change,K3-DW1-DK1-PK3-NH1-NK1,3,13,13,0.0002842336614158,0.0001742998836205,0.0004468915905812,0.0002725917069607
Broader tier,d_poly_trough_c2,Trough magnitude poly fit (c2),Magnitude Change,K3-DW2b-DK0-PK1-NH3-NK2,4,11,11,0.0002054892249523,-0.00026203693617425,0.0003166133941672,0.0005786503303414499
Broader tier,d_poly_trough_c2,Trough magnitude poly fit (c2),Magnitude Change,K3-DW2a-DK0-PK1-NH3-NK2,5,8,8,7.229440944936203e-05,-0.00011778287121297465,0.000177924207577475,0.0002957070787904496
Broader tier,d_poly_trough_c2,Trough magnitude poly fit (c2),Magnitude Change,K3-DW2b-DK0-PK1-NH2-NK3,6,7,7,0.0002233964976586,-0.00030180808121070004,0.00034543921261699997,0.0006472472938277
Broader tier,d_poly_trough_c2,Trough magnitude poly fit (c2),Magnitude Change,K3-DW2b-DK2-PK1-NH2-NK3,7,7,7,3.637199280731176e-05,-0.00027780316400165,0.00014077678855298144,0.00041857995255463145
Broader tier,d_poly_trough_c2,Trough magnitude poly fit (c2),Magnitude Change,K3-DW2b-DK2-PK3-NH3-NK2,8,5,5,0.0004191759829651,0.0001037613129883,0.0006439239950309,0.0005401626820426
Broader tier,d_poly_trough_c3,Trough magnitude poly fit (c3),Magnitude Change,K3-DW2a-DK0-PK1-NH2-NK3,1,16,16,1.6428114020564819e-06,-1.6539237197307028e-06,8.070583492388012e-06,9.724507212118714e-06
Broader tier,d_poly_trough_c3,Trough magnitude poly fit (c3),Magnitude Change,K3-DW1-DK1-PK2-NH1-NK1,2,14,14,2.716560203918763e-07,-4.308783691761024e-06,4.480609989365846e-06,8.789393681126869e-06
Broader tier,d_poly_trough_c3,Trough magnitude poly fit (c3),Magnitude Change,K3-DW1-DK1-PK3-NH1-NK1,3,13,13,-4.679078134063214e-06,-6.500259002797098e-06,-2.5052790236552594e-06,3.994979979141839e-06
Broader tier,d_poly_trough_c3,Trough magnitude poly fit (c3),Magnitude Change,K3-DW2b-DK0-PK1-NH3-NK2,4,11,11,-3.3995824222586377e-06,-5.539979238284356e-06,1.98933547715512e-06,7.5293147154394765e-06
Broader tier,d_poly_trough_c3,Trough magnitude poly fit (c3),Magnitude Change,K3-DW2a-DK0-PK1-NH3-NK2,5,8,8,-1.8021001544512413e-06,-3.9414534834398255e-06,1.270672013641858e-06,5.212125497081684e-06
Broader tier,d_poly_trough_c3,Trough magnitude poly fit (c3),Magnitude Change,K3-DW2b-DK0-PK1-NH2-NK3,6,7,7,-3.618956894014511e-06,-5.854562751941398e-06,2.7348838178821136e-06,8.589446569823511e-06
Broader tier,d_poly_trough_c3,Trough magnitude poly fit (c3),Magnitude Change,K3-DW2b-DK2-PK1-NH2-NK3,7,7,7,6.869095646491974e-07,-2.9946891304201483e-06,3.923898442106963e-06,6.9185875725271115e-06
Broader tier,d_poly_trough_c3,Trough magnitude poly fit (c3),Magnitude Change,K3-DW2b-DK2-PK3-NH3-NK2,8,5,5,-5.073404162189278e-06,-8.270263067456835e-06,-3.094749549877145e-06,5.1755135175796895e-06
Broader tier,d_initial_magnitude,Initial oscillation strength,Magnitude Change,K3-DW2a-DK0-PK1-NH2-NK3,1,16,16,0.06351180439953916,0.05856583990521905,0.07973566771859684,0.021169827813377798
Broader tier,d_initial_magnitude,Initial oscillation strength,Magnitude Change,K3-DW1-DK1-PK2-NH1-NK1,2,14,14,0.29117114183347215,0.26649343750349647,0.3220673963763039,0.055573958872807416
Broader tier,d_initial_magnitude,Initial oscillation strength,Magnitude Change,K3-DW1-DK1-PK3-NH1-NK1,3,13,13,0.1505638503074023,0.1313341660221541,0.1796893913587468,0.0483552253365927
Broader tier,d_initial_magnitude,Initial oscillation strength,Magnitude Change,K3-DW2b-DK0-PK1-NH3-NK2,4,11,11,0.0987886020183062,0.0802148565682793,0.13426225537400605,0.054047398805726746
Broader tier,d_initial_magnitude,Initial oscillation strength,Magnitude Change,K3-DW2a-DK0-PK1-NH3-NK2,5,8,8,0.04657022901799135,0.04177280592565935,0.09176641938102682,0.04999361345536747
Broader tier,d_initial_magnitude,Initial oscillation strength,Magnitude Change,K3-DW2b-DK0-PK1-NH2-NK3,6,7,7,0.089568322974713,0.07089066995742996,0.10431164526760395,0.03342097531017399
Broader tier,d_initial_magnitude,Initial oscillation strength,Magnitude Change,K3-DW2b-DK2-PK1-NH2-NK3,7,7,7,0.129271011645503,0.1167706813551261,0.1487617145962637,0.0319910332411376
Broader tier,d_initial_magnitude,Initial oscillation strength,Magnitude Change,K3-DW2b-DK2-PK3-NH3-NK2,8,5,5,0.071985448655736,0.0711625451556165,0.1153952451040253,0.044232699948408796
Broader tier,d_final_magnitude,Final oscillation strength,Magnitude Change,K3-DW2a-DK0-PK1-NH2-NK3,1,16,16,0.0285067375666204,0.022015014107862427,0.0382444120224268,0.016229397914564375
Broader tier,d_final_magnitude,Final oscillation strength,Magnitude Change,K3-DW1-DK1-PK2-NH1-NK1,2,14,14,0.0795953389421995,0.060995705868028126,0.11876010063679976,0.05776439476877163
Broader tier,d_final_magnitude,Final oscillation strength,Magnitude Change,K3-DW1-DK1-PK3-NH1-NK1,3,13,13,0.0851734970716634,0.0745156514790224,0.1219903405240226,0.04747468904500021
Broader tier,d_final_magnitude,Final oscillation strength,Magnitude Change,K3-DW2b-DK0-PK1-NH3-NK2,4,11,11,0.0671757066250179,0.05797042454989455,0.10071392711330496,0.042743502563410404
Broader tier,d_final_magnitude,Final oscillation strength,Magnitude Change,K3-DW2a-DK0-PK1-NH3-NK2,5,8,8,0.03302225335878525,0.030061958904021503,0.0371151760037078,0.0070532170996862945
Broader tier,d_final_magnitude,Final oscillation strength,Magnitude Change,K3-DW2b-DK0-PK1-NH2-NK3,6,7,7,0.0747348928752258,0.04951414661386925,0.12112086679683215,0.07160672018296291
Broader tier,d_final_magnitude,Final oscillation strength,Magnitude Change,K3-DW2b-DK2-PK1-NH2-NK3,7,7,7,0.0728209940419186,0.06181250504362325,0.1075243361520492,0.04571183110842596
Broader tier,d_final_magnitude,Final oscillation strength,Magnitude Change,K3-DW2b-DK2-PK3-NH3-NK2,8,5,5,0.109825660240164,0.1071540538591128,0.116549680254868,0.00939562639575521
Broader tier,d_initial_peak_to_trough_magnitude,Initial fall amplitude,Magnitude Change,K3-DW2a-DK0-PK1-NH2-NK3,1,16,16,0.058426046734838546,0.051086101880834,0.06788109974912208,0.016794997868288086
Broader tier,d_initial_peak_to_trough_magnitude,Initial fall amplitude,Magnitude Change,K3-DW1-DK1-PK2-NH1-NK1,2,14,14,0.26904811384555843,0.23656360892762382,0.28126278759365075,0.044699178666026934
Broader tier,d_initial_peak_to_trough_magnitude,Initial fall amplitude,Magnitude Change,K3-DW1-DK1-PK3-NH1-NK1,3,13,13,0.2038659328150095,0.1632048664448544,0.2329914738663542,0.06978660742149978
Broader tier,d_initial_peak_to_trough_magnitude,Initial fall amplitude,Magnitude Change,K3-DW2b-DK0-PK1-NH3-NK2,4,11,11,0.0994606090340309,0.0939602923123397,0.11130668403894295,0.017346391726603252
Broader tier,d_initial_peak_to_trough_magnitude,Initial fall amplitude,Magnitude Change,K3-DW2a-DK0-PK1-NH3-NK2,5,8,8,0.06237774792666905,0.0450189354580467,0.07939334149524835,0.03437440603720165
Broader tier,d_initial_peak_to_trough_magnitude,Initial fall amplitude,Magnitude Change,K3-DW2b-DK0-PK1-NH2-NK3,6,7,7,0.112099482747416,0.0699450933387859,0.12144080875080246,0.05149571541201656
Broader tier,d_initial_peak_to_trough_magnitude,Initial fall amplitude,Magnitude Change,K3-DW2b-DK2-PK1-NH2-NK3,7,7,7,0.1153973875280925,0.11100756061453296,0.11977900181606141,0.008771441201528452
Broader tier,d_initial_peak_to_trough_magnitude,Initial fall amplitude,Magnitude Change,K3-DW2b-DK2-PK3-NH3-NK2,8,5,5,0.1104498162157221,0.098910720190133,0.1350407352953038,0.036130015105170804
Broader tier,d_final_peak_to_trough_magnitude,Final fall amplitude,Magnitude Change,K3-DW2a-DK0-PK1-NH2-NK3,1,16,16,0.029354780426528,0.0246962578278819,0.04332570630365432,0.01862944847577242
Broader tier,d_final_peak_to_trough_magnitude,Final fall amplitude,Magnitude Change,K3-DW1-DK1-PK2-NH1-NK1,2,14,14,0.08006667223696914,0.06236953530107845,0.10661594834758403,0.04424641304650558
Broader tier,d_final_peak_to_trough_magnitude,Final fall amplitude,Magnitude Change,K3-DW1-DK1-PK3-NH1-NK1,3,13,13,0.1060564185953839,0.0884692594282727,0.1230901182118186,0.0346208587835459
Broader tier,d_final_peak_to_trough_magnitude,Final fall amplitude,Magnitude Change,K3-DW2b-DK0-PK1-NH3-NK2,4,11,11,0.0812892822379476,0.060719511698706555,0.09737603041670859,0.03665651871800203
Broader tier,d_final_peak_to_trough_magnitude,Final fall amplitude,Magnitude Change,K3-DW2a-DK0-PK1-NH3-NK2,5,8,8,0.03528143953757915,0.031469710051468126,0.04149125569616995,0.010021545644701826
Broader tier,d_final_peak_to_trough_magnitude,Final fall amplitude,Magnitude Change,K3-DW2b-DK0-PK1-NH2-NK3,6,7,7,0.0783247447007335,0.06209459087912935,0.10731313662222319,0.04521854574309384
Broader tier,d_final_peak_to_trough_magnitude,Final fall amplitude,Magnitude Change,K3-DW2b-DK2-PK1-NH2-NK3,7,7,7,0.0920135429766697,0.08913019725298385,0.11209948274741599,0.02296928549443214
Broader tier,d_final_peak_to_trough_magnitude,Final fall amplitude,Magnitude Change,K3-DW2b-DK2-PK3-NH3-NK2,8,5,5,0.1092653252389387,0.0946966152070802,0.1263873088511393,0.031690693644059104
Broader tier,e_autocorr_lag1,Autocorrelation (lag 1),Complexity & Autocorrelation,K3-DW2a-DK0-PK1-NH2-NK3,1,16,16,-0.3646901200980643,-0.46614791787422605,-0.2717920993889592,0.19435581848526684
Broader tier,e_autocorr_lag1,Autocorrelation (lag 1),Complexity & Autocorrelation,K3-DW1-DK1-PK2-NH1-NK1,2,14,14,-0.47171190477951785,-0.5617196323352821,-0.362883781822506,0.19883585051277608
Broader tier,e_autocorr_lag1,Autocorrelation (lag 1),Complexity & Autocorrelation,K3-DW1-DK1-PK3-NH1-NK1,3,13,13,-0.4041307399310779,-0.4886524659980599,-0.3512376839879863,0.13741478201007357
Broader tier,e_autocorr_lag1,Autocorrelation (lag 1),Complexity & Autocorrelation,K3-DW2b-DK0-PK1-NH3-NK2,4,11,11,-0.3151835812653819,-0.33986484462126304,-0.2872022292555295,0.05266261536573352
Broader tier,e_autocorr_lag1,Autocorrelation (lag 1),Complexity & Autocorrelation,K3-DW2a-DK0-PK1-NH3-NK2,5,8,8,-0.15078536482028054,-0.26678430135108094,-0.1059795356284933,0.16080476572258764
Broader tier,e_autocorr_lag1,Autocorrelation (lag 1),Complexity & Autocorrelation,K3-DW2b-DK0-PK1-NH2-NK3,6,7,7,-0.4265355369732405,-0.4768113922476266,-0.3941279795564544,0.08268341269117219
Broader tier,e_autocorr_lag1,Autocorrelation (lag 1),Complexity & Autocorrelation,K3-DW2b-DK2-PK1-NH2-NK3,7,7,7,-0.3927286725353047,-0.509253928949026,-0.3777470820755898,0.13150684687343617
Broader tier,e_autocorr_lag1,Autocorrelation (lag 1),Complexity & Autocorrelation,K3-DW2b-DK2-PK3-NH3-NK2,8,5,5,-0.3123404872296217,-0.3738740612254816,-0.2831129352439356,0.09076112598154601
Broader tier,e_autocorr_lagk,Max autocorrelation (lags 2–10),Complexity & Autocorrelation,K3-DW2a-DK0-PK1-NH2-NK3,1,16,16,0.2008485678473604,0.17414426842376984,0.3100378390598335,0.13589357063606367
Broader tier,e_autocorr_lagk,Max autocorrelation (lags 2–10),Complexity & Autocorrelation,K3-DW1-DK1-PK2-NH1-NK1,2,14,14,0.2589008107964662,0.17075955707909254,0.3188083325883565,0.14804877550926396
Broader tier,e_autocorr_lagk,Max autocorrelation (lags 2–10),Complexity & Autocorrelation,K3-DW1-DK1-PK3-NH1-NK1,3,13,13,0.1351520497391184,0.1261351129967862,0.1990695717932046,0.07293445879641841
Broader tier,e_autocorr_lagk,Max autocorrelation (lags 2–10),Complexity & Autocorrelation,K3-DW2b-DK0-PK1-NH3-NK2,4,11,11,0.1980605748230693,0.1524536807593046,0.22479499717456236,0.07234131641525776
Broader tier,e_autocorr_lagk,Max autocorrelation (lags 2–10),Complexity & Autocorrelation,K3-DW2a-DK0-PK1-NH3-NK2,5,8,8,0.17346239648954076,0.1258386426150088,0.2303967352896684,0.1045580926746596
Broader tier,e_autocorr_lagk,Max autocorrelation (lags 2–10),Complexity & Autocorrelation,K3-DW2b-DK0-PK1-NH2-NK3,6,7,7,0.1882538457768869,0.15749613563469644,0.23093447353491245,0.073438337900216
Broader tier,e_autocorr_lagk,Max autocorrelation (lags 2–10),Complexity & Autocorrelation,K3-DW2b-DK2-PK1-NH2-NK3,7,7,7,0.1869944648129947,0.15450141780693333,0.199594904192113,0.04509348638517968
Broader tier,e_autocorr_lagk,Max autocorrelation (lags 2–10),Complexity & Autocorrelation,K3-DW2b-DK2-PK3-NH3-NK2,8,5,5,0.1670723519199817,0.1634570723775655,0.3034977212617771,0.1400406488842116
Broader tier,e_hurst_exponent,Hurst exponent,Complexity & Autocorrelation,K3-DW2a-DK0-PK1-NH2-NK3,1,16,16,0.3773675058057795,0.3523746817484789,0.39567422249094497,0.04329954074246606
Broader tier,e_hurst_exponent,Hurst exponent,Complexity & Autocorrelation,K3-DW1-DK1-PK2-NH1-NK1,2,14,14,0.3592002358119042,0.3415078000312553,0.37862468590448045,0.03711688587322515
Broader tier,e_hurst_exponent,Hurst exponent,Complexity & Autocorrelation,K3-DW1-DK1-PK3-NH1-NK1,3,13,13,0.4091857083171044,0.3602236681207824,0.4351385702298725,0.07491490210909013
Broader tier,e_hurst_exponent,Hurst exponent,Complexity & Autocorrelation,K3-DW2b-DK0-PK1-NH3-NK2,4,11,11,0.3780062087011176,0.35931327250557743,0.4109007588681649,0.051587486362587476
Broader tier,e_hurst_exponent,Hurst exponent,Complexity & Autocorrelation,K3-DW2a-DK0-PK1-NH3-NK2,5,8,8,0.399653248446454,0.3619768575598919,0.4486569149467605,0.08668005738686863
Broader tier,e_hurst_exponent,Hurst exponent,Complexity & Autocorrelation,K3-DW2b-DK0-PK1-NH2-NK3,6,7,7,0.3948222675051668,0.3818972189524016,0.4102593471247453,0.028362128172343737
Broader tier,e_hurst_exponent,Hurst exponent,Complexity & Autocorrelation,K3-DW2b-DK2-PK1-NH2-NK3,7,7,7,0.3574593151272237,0.32395872491380917,0.3861367254596261,0.0621780005458169
Broader tier,e_hurst_exponent,Hurst exponent,Complexity & Autocorrelation,K3-DW2b-DK2-PK3-NH3-NK2,8,5,5,0.3689671773691037,0.3504013105370682,0.3984472536513508,0.04804594311428262
Broader tier,f_early_mean,Early mean,Early vs. Late Behavior,K3-DW2a-DK0-PK1-NH2-NK3,1,16,16,0.5893247293582797,0.5876310895726079,0.5914414978972108,0.0038104083246028875
Broader tier,f_early_mean,Early mean,Early vs. Late Behavior,K3-DW1-DK1-PK2-NH1-NK1,2,14,14,0.5743663766824421,0.5652787507953749,0.5940907123774266,0.02881196158205168
Broader tier,f_early_mean,Early mean,Early vs. Late Behavior,K3-DW1-DK1-PK3-NH1-NK1,3,13,13,0.5900023691380272,0.5817639005829536,0.5998243212264949,0.018060420643541297
Broader tier,f_early_mean,Early mean,Early vs. Late Behavior,K3-DW2b-DK0-PK1-NH3-NK2,4,11,11,0.5926437727230853,0.5872570132222761,0.5955413057251828,0.008284292502906743
Broader tier,f_early_mean,Early mean,Early vs. Late Behavior,K3-DW2a-DK0-PK1-NH3-NK2,5,8,8,0.5931074512057601,0.5884779362457446,0.594243420622258,0.005765484376513363
Broader tier,f_early_mean,Early mean,Early vs. Late Behavior,K3-DW2b-DK0-PK1-NH2-NK3,6,7,7,0.5854381214252505,0.5824233387108178,0.590144148371491,0.0077208096606732335
Broader tier,f_early_mean,Early mean,Early vs. Late Behavior,K3-DW2b-DK2-PK1-NH2-NK3,7,7,7,0.5876986294913242,0.5811045695762929,0.596013912901892,0.014909343325599123
Broader tier,f_early_mean,Early mean,Early vs. Late Behavior,K3-DW2b-DK2-PK3-NH3-NK2,8,5,5,0.5923567218543903,0.591180018351817,0.5979040383665211,0.0067240200147040685
Broader tier,f_late_mean,Late mean,Early vs. Late Behavior,K3-DW2a-DK0-PK1-NH2-NK3,1,16,16,0.5901714153496114,0.5883509976197668,0.5905524454699513,0.0022014478501845014
Broader tier,f_late_mean,Late mean,Early vs. Late Behavior,K3-DW1-DK1-PK2-NH1-NK1,2,14,14,0.5956115656620841,0.5860647633371254,0.5988261122930151,0.012761348955889651
Broader tier,f_late_mean,Late mean,Early vs. Late Behavior,K3-DW1-DK1-PK3-NH1-NK1,3,13,13,0.5815500585588113,0.5740160381865665,0.5873689104273921,0.013352872240825597
Broader tier,f_late_mean,Late mean,Early vs. Late Behavior,K3-DW2b-DK0-PK1-NH3-NK2,4,11,11,0.5872924258881955,0.5845666197475796,0.5923729703209994,0.007806350573419829
Broader tier,f_late_mean,Late mean,Early vs. Late Behavior,K3-DW2a-DK0-PK1-NH3-NK2,5,8,8,0.5914415514578125,0.5898326445439956,0.5930504583716292,0.003217813827633531
Broader tier,f_late_mean,Late mean,Early vs. Late Behavior,K3-DW2b-DK0-PK1-NH2-NK3,6,7,7,0.5847318006431557,0.5813950368942694,0.5889350224204679,0.0075399855261985005
Broader tier,f_late_mean,Late mean,Early vs. Late Behavior,K3-DW2b-DK2-PK1-NH2-NK3,7,7,7,0.5840719340304781,0.5838207348086066,0.5872869627068242,0.0034662278982176
Broader tier,f_late_mean,Late mean,Early vs. Late Behavior,K3-DW2b-DK2-PK3-NH3-NK2,8,5,5,0.5844559983371131,0.5824387923327019,0.5911800183518171,0.0087412260191152
Broader tier,f_early_std,Early standard deviation,Early vs. Late Behavior,K3-DW2a-DK0-PK1-NH2-NK3,1,16,16,0.030728617775311752,0.0297739043523104,0.03384953491514815,0.004075630562837752
Broader tier,f_early_std,Early standard deviation,Early vs. Late Behavior,K3-DW1-DK1-PK2-NH1-NK1,2,14,14,0.1181974438849996,0.11131862509212159,0.13386018385134174,0.02254155875922015
Broader tier,f_early_std,Early standard deviation,Early vs. Late Behavior,K3-DW1-DK1-PK3-NH1-NK1,3,13,13,0.1195085531817467,0.0809629665115104,0.1268161535694538,0.045853187057943404
Broader tier,f_early_std,Early standard deviation,Early vs. Late Behavior,K3-DW2b-DK0-PK1-NH3-NK2,4,11,11,0.0470409513060407,0.0429136422544321,0.0500163316815824,0.007102689427150297
Broader tier,f_early_std,Early standard deviation,Early vs. Late Behavior,K3-DW2a-DK0-PK1-NH3-NK2,5,8,8,0.02847132648665145,0.0232047046989055,0.034940011435327024,0.011735306736421525
Broader tier,f_early_std,Early standard deviation,Early vs. Late Behavior,K3-DW2b-DK0-PK1-NH2-NK3,6,7,7,0.0535402500981378,0.0498816033115782,0.05790602027868115,0.008024416967102953
Broader tier,f_early_std,Early standard deviation,Early vs. Late Behavior,K3-DW2b-DK2-PK1-NH2-NK3,7,7,7,0.074863727848072,0.0635672442247959,0.07896935533896135,0.015402111114165451
Broader tier,f_early_std,Early standard deviation,Early vs. Late Behavior,K3-DW2b-DK2-PK3-NH3-NK2,8,5,5,0.0635146335659206,0.0623297070531057,0.0837611918537931,0.021431484800687406
Broader tier,f_late_std,Late standard deviation,Early vs. Late Behavior,K3-DW2a-DK0-PK1-NH2-NK3,1,16,16,0.0166429609648253,0.014504050851087925,0.02312540923139235,0.008621358380304424
Broader tier,f_late_std,Late standard deviation,Early vs. Late Behavior,K3-DW1-DK1-PK2-NH1-NK1,2,14,14,0.0434605828686326,0.03510087503585438,0.055383542252880724,0.020282667217026346
Broader tier,f_late_std,Late standard deviation,Early vs. Late Behavior,K3-DW1-DK1-PK3-NH1-NK1,3,13,13,0.0570109919273734,0.0535445940073337,0.0805454377897383,0.027000843782404603
Broader tier,f_late_std,Late standard deviation,Early vs. Late Behavior,K3-DW2b-DK0-PK1-NH3-NK2,4,11,11,0.0387661702519728,0.0327938917460229,0.0485957368061645,0.015801845060141595
Broader tier,f_late_std,Late standard deviation,Early vs. Late Behavior,K3-DW2a-DK0-PK1-NH3-NK2,5,8,8,0.01845962525581815,0.01611254044189595,0.025512659415985624,0.009400118974089676
Broader tier,f_late_std,Late standard deviation,Early vs. Late Behavior,K3-DW2b-DK0-PK1-NH2-NK3,6,7,7,0.0391392947777273,0.0321853248068953,0.05127947043684475,0.019094145629949447
Broader tier,f_late_std,Late standard deviation,Early vs. Late Behavior,K3-DW2b-DK2-PK1-NH2-NK3,7,7,7,0.0510854613400909,0.03881557803331095,0.051673332737213196,0.012857754703902248
Broader tier,f_late_std,Late standard deviation,Early vs. Late Behavior,K3-DW2b-DK2-PK3-NH3-NK2,8,5,5,0.0475465842491141,0.0410674717448186,0.0500318601111368,0.008964388366318202
Broader tier,f_early_autocorr,Early autocorrelation,Early vs. Late Behavior,K3-DW2a-DK0-PK1-NH2-NK3,1,16,16,-0.45420851703097576,-0.5190498283617665,-0.2824543433595199,0.23659548500224659
Broader tier,f_early_autocorr,Early autocorrelation,Early vs. Late Behavior,K3-DW1-DK1-PK2-NH1-NK1,2,14,14,-0.5315687201434456,-0.6461659660285466,-0.27891134803281703,0.36725461799572956
Broader tier,f_early_autocorr,Early autocorrelation,Early vs. Late Behavior,K3-DW1-DK1-PK3-NH1-NK1,3,13,13,-0.5088710858641997,-0.5450971999489195,-0.2853024053204861,0.25979479462843336
Broader tier,f_early_autocorr,Early autocorrelation,Early vs. Late Behavior,K3-DW2b-DK0-PK1-NH3-NK2,4,11,11,-0.262464359418862,-0.2914934038780902,-0.2179607415208476,0.0735326623572426
Broader tier,f_early_autocorr,Early autocorrelation,Early vs. Late Behavior,K3-DW2a-DK0-PK1-NH3-NK2,5,8,8,-0.16254765598714074,-0.20624457390558615,-0.0705327697261319,0.13571180417945425
Broader tier,f_early_autocorr,Early autocorrelation,Early vs. Late Behavior,K3-DW2b-DK0-PK1-NH2-NK3,6,7,7,-0.5136117626883299,-0.700626667113825,-0.3394712654318748,0.36115540168195026
Broader tier,f_early_autocorr,Early autocorrelation,Early vs. Late Behavior,K3-DW2b-DK2-PK1-NH2-NK3,7,7,7,-0.5949202034614663,-0.6161707649741324,-0.3290503359118569,0.2871204290622755
Broader tier,f_early_autocorr,Early autocorrelation,Early vs. Late Behavior,K3-DW2b-DK2-PK3-NH3-NK2,8,5,5,-0.2126336800164294,-0.4165891201583534,-0.1102044676066995,0.3063846525516539
Broader tier,f_late_autocorr,Late autocorrelation,Early vs. Late Behavior,K3-DW2a-DK0-PK1-NH2-NK3,1,16,16,-0.3806072643686208,-0.49763102439870005,-0.2758577677449592,0.22177325665374087
Broader tier,f_late_autocorr,Late autocorrelation,Early vs. Late Behavior,K3-DW1-DK1-PK2-NH1-NK1,2,14,14,-0.4711815601786483,-0.6473310653836565,-0.17073732854020876,0.47659373684344775
Broader tier,f_late_autocorr,Late autocorrelation,Early vs. Late Behavior,K3-DW1-DK1-PK3-NH1-NK1,3,13,13,-0.2448939098566524,-0.4470080552904872,-0.1852930394912423,0.26171501579924494
Broader tier,f_late_autocorr,Late autocorrelation,Early vs. Late Behavior,K3-DW2b-DK0-PK1-NH3-NK2,4,11,11,-0.4117568517630147,-0.5728735227902674,-0.3335904627582788,0.23928306003198857
Broader tier,f_late_autocorr,Late autocorrelation,Early vs. Late Behavior,K3-DW2a-DK0-PK1-NH3-NK2,5,8,8,-0.2099668207055264,-0.2501777077830192,-0.12574758494889926,0.12443012283411992
Broader tier,f_late_autocorr,Late autocorrelation,Early vs. Late Behavior,K3-DW2b-DK0-PK1-NH2-NK3,6,7,7,-0.4125550534805239,-0.6009066498434645,-0.3033257607488962,0.2975808890945683
Broader tier,f_late_autocorr,Late autocorrelation,Early vs. Late Behavior,K3-DW2b-DK2-PK1-NH2-NK3,7,7,7,-0.4289237448092128,-0.49272219104477294,-0.2923654417392661,0.20035674930550684
Broader tier,f_late_autocorr,Late autocorrelation,Early vs. Late Behavior,K3-DW2b-DK2-PK3-NH3-NK2,8,5,5,-0.4412130211595365,-0.5890959051001942,-0.402595105781048,0.18650079931914615
Broader tier,f_delta_mean,Change in mean,Early vs. Late Behavior,K3-DW2a-DK0-PK1-NH2-NK3,1,16,16,-0.00016935862250705004,-0.0030483480839231,0.00372572901334945,0.00677407709727255
Broader tier,f_delta_mean,Change in mean,Early vs. Late Behavior,K3-DW1-DK1-PK2-NH1-NK1,2,14,14,0.01498754180404965,-0.00114053975120835,0.029426141001497447,0.030566680752705796
Broader tier,f_delta_mean,Change in mean,Early vs. Late Behavior,K3-DW1-DK1-PK3-NH1-NK1,3,13,13,-0.0090669528945219,-0.0311570589659374,0.0107153339717757,0.0418723929377131
Broader tier,f_delta_mean,Change in mean,Early vs. Late Behavior,K3-DW2b-DK0-PK1-NH3-NK2,4,11,11,-0.0040810308489669,-0.007582788622014149,0.00120033705926635,0.0087831256812805
Broader tier,f_delta_mean,Change in mean,Early vs. Late Behavior,K3-DW2a-DK0-PK1-NH3-NK2,5,8,8,0.0008010272001257797,-0.0026325105419384752,0.0048263993778399,0.0074589099197783755
Broader tier,f_delta_mean,Change in mean,Early vs. Late Behavior,K3-DW2b-DK0-PK1-NH2-NK3,6,7,7,-0.0028025049222193,-0.00476113617350115,0.0046158526526423,0.00937698882614345
Broader tier,f_delta_mean,Change in mean,Early vs. Late Behavior,K3-DW2b-DK2-PK1-NH2-NK3,7,7,7,-0.0041213811779474,-0.01099309925207975,0.00395641452477815,0.0149495137768579
Broader tier,f_delta_mean,Change in mean,Early vs. Late Behavior,K3-DW2b-DK2-PK3-NH3-NK2,8,5,5,-0.0067240200147038,-0.0154652460338191,-0.0011767035025731,0.014288542531246
Broader tier,g_asymmetry_index,Asymmetry index,Oscillation Shape,K3-DW2a-DK0-PK1-NH2-NK3,1,16,16,0.9781746031746033,0.9040404040404041,1.0740384615384617,0.16999805749805763
Broader tier,g_asymmetry_index,Asymmetry index,Oscillation Shape,K3-DW1-DK1-PK2-NH1-NK1,2,14,14,1.0285640572018282,0.8766304347826087,1.1357142857142857,0.25908385093167696
Broader tier,g_asymmetry_index,Asymmetry index,Oscillation Shape,K3-DW1-DK1-PK3-NH1-NK1,3,13,13,1.125,1.0,1.2176470588235295,0.21764705882352953
Broader tier,g_asymmetry_index,Asymmetry index,Oscillation Shape,K3-DW2b-DK0-PK1-NH3-NK2,4,11,11,1.0454545454545456,0.9444444444444444,1.0894117647058823,0.14496732026143788
Broader tier,g_asymmetry_index,Asymmetry index,Oscillation Shape,K3-DW2a-DK0-PK1-NH3-NK2,5,8,8,0.880622009569378,0.7825814536340852,0.9937611408199643,0.2111796871858791
Broader tier,g_asymmetry_index,Asymmetry index,Oscillation Shape,K3-DW2b-DK0-PK1-NH2-NK3,6,7,7,0.983957219251337,0.8909229595728452,1.0611111111111113,0.17018815153826616
Broader tier,g_asymmetry_index,Asymmetry index,Oscillation Shape,K3-DW2b-DK2-PK1-NH2-NK3,7,7,7,1.0555555555555556,0.9983724715182516,1.1588881706528764,0.16051569913462482
Broader tier,g_asymmetry_index,Asymmetry index,Oscillation Shape,K3-DW2b-DK2-PK3-NH3-NK2,8,5,5,1.0952380952380951,1.0,1.2352941176470589,0.23529411764705888
Broader tier,g_sharpness_index,Sharpness index,Oscillation Shape,K3-DW2a-DK0-PK1-NH2-NK3,1,16,16,0.1016130310801459,0.09441341500253865,0.11092293486388105,0.0165095198613424
Broader tier,g_sharpness_index,Sharpness index,Oscillation Shape,K3-DW1-DK1-PK2-NH1-NK1,2,14,14,0.3988197385814153,0.36473377167329735,0.4364439188364068,0.07171014716310947
Broader tier,g_sharpness_index,Sharpness index,Oscillation Shape,K3-DW1-DK1-PK3-NH1-NK1,3,13,13,0.4220211200164537,0.4022422610286634,0.4879627903788021,0.08572052935013869
Broader tier,g_sharpness_index,Sharpness index,Oscillation Shape,K3-DW2b-DK0-PK1-NH3-NK2,4,11,11,0.1795301190432288,0.1568422898123189,0.1916075151621815,0.034765225349862594
Broader tier,g_sharpness_index,Sharpness index,Oscillation Shape,K3-DW2a-DK0-PK1-NH3-NK2,5,8,8,0.10127121107887324,0.08086686762604407,0.12429514248191312,0.043428274855869045
Broader tier,g_sharpness_index,Sharpness index,Oscillation Shape,K3-DW2b-DK0-PK1-NH2-NK3,6,7,7,0.1808794463952193,0.17227124802629185,0.2178582105134101,0.04558696248711824
Broader tier,g_sharpness_index,Sharpness index,Oscillation Shape,K3-DW2b-DK2-PK1-NH2-NK3,7,7,7,0.2654120631329524,0.2448126557274493,0.284226831290532,0.03941417556308269
Broader tier,g_sharpness_index,Sharpness index,Oscillation Shape,K3-DW2b-DK2-PK3-NH3-NK2,8,5,5,0.2291451085244912,0.1832295454006819,0.3109859256800564,0.1277563802793745
