Feature,Feature_Label,Feature_Category,Effect_Rank_Strong_Core,Rank_Eta_Squared_Strong_Core,Raw_P_Strong_Core,BH_Adjusted_P_Strong_Core,BH_Significant_Strong_Core,BY_Adjusted_P_Strong_Core,BY_Significant_Sensitivity_Strong_Core,Effect_Rank_Broader_Tier,Rank_Eta_Squared_Broader_Tier,Raw_P_Broader_Tier,BH_Adjusted_P_Broader_Tier,BH_Significant_Broader_Tier,BY_Adjusted_P_Broader_Tier,BY_Significant_Sensitivity_Broader_Tier,Mean_Effect_Rank,Effect_Difference_Broader_Minus_Core,Rank_Change_Broader_Minus_Core,Top_5_Strong_Core,Top_5_Broader_Tier,Top_5_Both,Top_10_Strong_Core,Top_10_Broader_Tier,Top_10_Both,Top_15_Strong_Core,Top_15_Broader_Tier,Top_15_Both
a_std,Standard deviation,Statistical Summary,1,0.8340041067417756,1.0714636296110745e-09,1.840703778611269e-08,True,8.089797603095792e-08,True,1,0.9161535555633634,2.421360880829907e-13,1.0896123963734582e-11,True,4.7887899481228895e-11,True,1.0,0.08214944882158781,0,True,True,True,True,True,True,True,True,True
g_sharpness_index,Sharpness index,Oscillation Shape,2,0.8216847011166496,1.4482647046483396e-09,1.840703778611269e-08,True,8.089797603095792e-08,True,2,0.8800314621362278,8.285099196907697e-13,1.8270590345348413e-11,True,8.029829660829918e-11,True,2.0,0.05834676101957825,0,True,True,True,True,True,True,True,True,True
d_initial_peak_to_trough_magnitude,Initial fall amplitude,Magnitude Change,3,0.8151460482987319,1.6993901572808645e-09,1.840703778611269e-08,True,8.089797603095792e-08,True,4,0.7817418538235108,2.3150468967649995e-11,2.439381863264776e-10,True,1.0720956723065598e-09,True,3.5,-0.03340419447522114,1,True,True,True,True,True,True,True,True,True
f_early_std,Early standard deviation,Early vs. Late Behavior,5,0.8075700776314482,2.0452264206791874e-09,1.840703778611269e-08,True,8.089797603095792e-08,True,3,0.8686960666555726,1.2180393563565609e-12,1.8270590345348413e-11,True,8.029829660829918e-11,True,4.0,0.06112598902412447,-2,True,True,True,True,True,True,True,True,True
d_initial_magnitude,Initial oscillation strength,Magnitude Change,4,0.8108074334943096,1.88958378930378e-09,1.840703778611269e-08,True,8.089797603095792e-08,True,6,0.7360984302725954,1.0764262290086397e-10,8.073196717564797e-10,True,3.5481280700336523e-09,True,5.0,-0.07470900322171425,2,True,False,False,True,True,True,True,True,True
b_band_power_high,High-frequency band power,Oscillation,6,0.7890837172281105,3.2135241533171042e-09,2.410143114987828e-08,True,1.0592453941424748e-07,True,5,0.7770678313280744,2.7104242925164177e-11,2.439381863264776e-10,True,1.0720956723065598e-09,True,5.5,-0.012015885900036105,-1,False,True,False,True,True,True,True,True,True
d_slope_magnitude,Slope of oscillation magnitude,Magnitude Change,7,0.711423146971958,2.1394500289254453e-08,1.3753607328806433e-07,True,6.044639061177069e-07,True,7,0.6119294480439674,6.7788425085130865e-09,4.35782732690127e-08,True,1.915242499826279e-07,True,7.0,-0.09949369892799054,0,False,False,False,True,True,True,True,True,True
b_band_power_mid,Mid-frequency band power,Oscillation,8,0.6956183487359637,3.145026447188669e-08,1.7690773765436263e-07,True,7.775003282304887e-07,True,8,0.576563059051864,2.1795568125855153e-08,1.2260007070793522e-07,True,5.388209497242987e-07,True,8.0,-0.11905528968409973,0,False,False,False,True,True,True,True,True,True
f_late_std,Late standard deviation,Early vs. Late Behavior,9,0.6330486321066298,1.4426385919750603e-07,7.213192959875301e-07,True,3.1701608806112013e-06,True,9,0.5360220108893964,8.248701229653139e-08,4.067507459692206e-07,True,1.7876484244965205e-06,True,9.0,-0.09702662121723338,0,False,False,False,True,True,True,True,True,True
d_final_peak_to_trough_magnitude,Final fall amplitude,Magnitude Change,10,0.5749665990219278,5.913205567215482e-07,2.660942505246967e-06,True,1.169470424902557e-05,True,10,0.53306487470802,9.086435906824517e-08,4.067507459692206e-07,True,1.7876484244965205e-06,True,10.0,-0.04190172431390782,0,False,False,False,True,True,True,True,True,True
d_final_magnitude,Final oscillation strength,Magnitude Change,11,0.5284191398507337,1.8266782383738018e-06,7.47277461152919e-06,True,3.2842456696879975e-05,True,11,0.5303100079386309,9.942796012580947e-08,4.067507459692206e-07,True,1.7876484244965205e-06,True,11.0,0.0018908680878971795,0,False,False,False,False,False,False,True,True,True
d_poly_peak_c1,Peak magnitude poly fit (c1),Magnitude Change,12,0.4729617219899871,6.977186803526635e-06,2.4582251726236728e-05,True,0.00010803772090023231,True,12,0.47333795401494855,6.337019411817481e-07,2.3763822794315552e-06,True,1.0444076820817269e-05,True,12.0,0.0003762320249614537,0,False,False,False,False,False,False,True,True,True
d_poly_peak_c2,Peak magnitude poly fit (c2),Magnitude Change,15,0.4442448330810763,1.3940492836679651e-05,4.182147851003896e-05,True,0.0001838032281672658,True,13,0.45883996926046533,1.0117714550910729e-06,3.5022858060844834e-06,True,1.539236440357314e-05,True,14.0,0.014595136179389012,-2,False,False,False,False,False,False,True,True,True
d_poly_mag_c0,Magnitude poly fit (c0),Magnitude Change,13,0.47222945661870336,7.101539387579498e-06,2.4582251726236728e-05,True,0.00010803772090023231,True,16,0.40601693412999335,5.489385436855143e-06,1.5438896541155087e-05,True,6.785314925974138e-05,True,14.5,-0.06621252248871001,3,False,False,False,False,False,False,True,False,False
d_poly_peak_c0,Peak magnitude poly fit (c0),Magnitude Change,14,0.4682050194221421,7.825484619626186e-06,2.5153343420227027e-05,True,0.00011054763926454201,True,15,0.4304531980849306,2.5175407650353873e-06,7.5526222951061624e-06,True,3.319338312334773e-05,True,14.5,-0.0377518213372115,1,False,False,False,False,False,False,True,True,True
d_poly_peak_c3,Peak magnitude poly fit (c3),Magnitude Change,16,0.41191837056745206,3.0333785070726546e-05,8.531377051141841e-05,True,0.0003749495949397363,True,14,0.43621210809697636,2.093531350429577e-06,6.729207912095069e-06,True,2.9574519632415268e-05,True,15.0,0.024293737529524295,-2,False,False,False,False,False,False,False,True,False
c_avg_time_between_peaks,Average time between peaks,Peak & Trough Timing,17,0.38101104290019683,6.36701580157215e-05,0.0001685386535710275,True,0.0007407186379095443,True,17,0.38958205205928775,9.245783432281583e-06,2.4474132614863013e-05,True,0.00010756254301544535,True,17.0,0.008571009159090925,0,False,False,False,False,False,False,False,False,False
d_poly_mag_c1,Magnitude poly fit (c1),Magnitude Change,18,0.32360174675138104,0.00025093021951203096,0.0005998825701536467,True,0.002636452771248853,True,21,0.3085037044558189,0.00011623035950189832,0.0002465286986729262,True,0.0010834808396618966,True,19.5,-0.015098042295562164,3,False,False,False,False,False,False,False,False,False
d_poly_mag_c2,Magnitude poly fit (c2),Magnitude Change,19,0.32320973491706056,0.00025328375184265083,0.0005998825701536467,True,0.002636452771248853,True,20,0.31339275330797495,9.99929485687626e-05,0.00022498413427971586,True,0.0009887935969815826,True,19.5,-0.009816981609085618,1,False,False,False,False,False,False,False,False,False
b_spectral_flatness,Spectral flatness,Oscillation,23,0.27539647637945636,0.0007881037598532567,0.0015419421388433285,True,0.006776755697398661,True,19,0.3309093919812846,5.817731799641722e-05,0.00013778838472835658,True,0.0006055728018067512,True,21.0,0.05551291560182825,-4,False,False,False,False,False,False,False,False,False
c_std_time_between_troughs,Std dev of time between troughs,Peak & Trough Timing,24,0.2550252301170183,0.0012752096338011845,0.002391018063377221,True,0.010508400331888889,True,18,0.3436952406638192,3.908893337894604e-05,9.77223334473651e-05,True,0.00042948458523177515,True,21.0,0.0886700105468009,-6,False,False,False,False,False,False,False,False,False
c_std_time_between_peaks,Std dev of time between peaks,Peak & Trough Timing,21,0.2899266118661704,0.0005586127222089021,0.001144725609786758,True,0.005031009661555651,True,22,0.3073232719597817,0.00012052514157343058,0.0002465286986729262,True,0.0010834808396618966,True,21.5,0.017396660093611294,1,False,False,False,False,False,False,False,False,False
d_poly_trough_c0,Trough magnitude poly fit (c0),Magnitude Change,20,0.31231857920611006,0.00032822522491717367,0.0007385067560636408,True,0.0032456988758838177,True,24,0.23697833636676305,0.0010091596959050583,0.0018921744298219844,True,0.008316008444640527,True,22.0,-0.07534024283934701,4,False,False,False,False,False,False,False,False,False
d_poly_mag_c3,Magnitude poly fit (c3),Magnitude Change,22,0.28984885321280873,0.000559643631451304,0.001144725609786758,True,0.005031009661555651,True,23,0.28719603880486544,0.00022309785643368141,0.00043649580606589845,True,0.0019183764203153757,True,22.5,-0.0026528144079432936,1,False,False,False,False,False,False,False,False,False
b_spectral_entropy,Normalized spectral entropy,Oscillation,26,0.18261155441341445,0.006948982678484824,0.011743924102573428,True,0.051613937103782835,False,28,0.20083540821050802,0.0029056416577917413,0.004669781235736727,True,0.020523446242038054,True,27.0,0.01822385379709357,2,False,False,False,False,False,False,False,False,False
f_early_autocorr,Early autocorrelation,Early vs. Late Behavior,29,0.14354115932477973,0.01711951190798674,0.026564759857220798,True,0.11675074127456594,False,25,0.23479962893173578,0.001076388878422584,0.001937499981160651,True,0.008515211891082725,True,27.0,0.09125846960695605,-4,False,False,False,False,False,False,False,False,False
c_mean_peak_to_trough_time,Mean fall time,Peak & Trough Timing,28,0.16562227997264206,0.010298970212090877,0.016551916412288908,True,0.07274481384495214,False,27,0.21256949289844715,0.0020674654560899376,0.003445775760149896,True,0.01514400568368321,True,27.5,0.04694721292580509,-1,False,False,False,False,False,False,False,False,False
a_mean,Mean of delta,Statistical Summary,27,0.1820121158288231,0.007046354461544057,0.011743924102573428,True,0.051613937103782835,False,31,0.14198321770157285,0.015189567229628166,0.02204937178494411,True,0.0969058449753306,False,29.0,-0.040028898127250245,4,False,False,False,False,False,False,False,False,False
a_skew,Skewness,Statistical Summary,25,0.19956851717315247,0.004683493795876539,0.00843028883257777,True,0.037050682018291016,True,33,0.13260155199659346,0.01958093123810365,0.026701269870141344,True,0.11735069569860497,False,29.0,-0.066966965176559,8,False,False,False,False,False,False,False,False,False
c_mean_trough_to_peak_time,Mean rise time,Peak & Trough Timing,30,0.13653896453353842,0.020095891818963298,0.030143837728444946,True,0.13248060282011395,False,29,0.15066347497325888,0.01197707130517504,0.01858511064596127,True,0.08168059701078027,False,29.5,0.014124510439720461,-1,False,False,False,False,False,False,False,False,False
e_autocorr_lag1,Autocorrelation (lag 1),Complexity & Autocorrelation,33,0.09821465537968953,0.047893069464092906,0.06530873108739942,False,0.28702848462161407,False,26,0.21584354987053586,0.0018791647581908781,0.003252400543022674,True,0.014294131637575595,True,29.5,0.11762889449084633,-7,False,False,False,False,False,False,False,False,False
f_late_mean,Late mean,Early vs. Late Behavior,31,0.13055595502560574,0.023037470418754518,0.03344148931754688,True,0.1469736104573823,False,30,0.1442956228682015,0.01426132013029224,0.02139198019543836,True,0.09401664304785302,False,30.5,0.013739667842595754,-1,False,False,False,False,False,False,False,False,False
f_delta_mean,Change in mean,Early vs. Late Behavior,32,0.11497943390044973,0.032821510164290496,0.04615524866853351,True,0.202849923158574,False,35,0.07098716372075484,0.09472836641100484,0.12179361395700622,False,0.5352766141465296,False,33.5,-0.0439922701796949,3,False,False,False,False,False,False,False,False,False
a_kurtosis,Kurtosis,Statistical Summary,37,0.08578794128414842,0.0632239623278993,0.07689400823663428,False,0.3379451765967837,False,32,0.13770665575135588,0.017060227346394403,0.02399094470586713,True,0.1054389572253467,False,34.5,0.05191871446720746,-5,False,False,False,False,False,False,False,False,False
d_poly_trough_c2,Trough magnitude poly fit (c2),Magnitude Change,35,0.09118771723435566,0.05605204904421045,0.07124176115855994,False,0.31310384395237034,False,36,0.06283347649841595,0.11499079445976879,0.14373849307471098,False,0.6317232192708877,False,35.5,-0.028354240735939715,1,False,False,False,False,False,False,False,False,False
b_dominant_freq,Dominant frequency,Oscillation,38,0.07361409592625194,0.08280198913677997,0.09805498713566049,False,0.43094658093228017,False,34,0.10068573661520817,0.04529419408346147,0.05994819805164018,False,0.2634692200577534,False,36.0,0.027071640688956233,-4,False,False,False,False,False,False,False,False,False
d_poly_trough_c1,Trough magnitude poly fit (c1),Magnitude Change,36,0.09044192951593676,0.056993408926847955,0.07124176115855994,False,0.31310384395237034,False,37,0.053956460092172975,0.1413099458252682,0.1718634476253262,False,0.7553309352730807,False,36.5,-0.03648546942376378,1,False,False,False,False,False,False,False,False,False
e_autocorr_lagk,Max autocorrelation (lags 2–10),Complexity & Autocorrelation,34,0.09604292606455841,0.05028271441086921,0.06655065142615044,False,0.2924866600740727,False,41,0.030522274583852354,0.2366899140617333,0.2597816129945853,False,1.0,False,37.5,-0.06552065148070606,7,False,False,False,False,False,False,False,False,False
d_poly_trough_c3,Trough magnitude poly fit (c3),Magnitude Change,39,0.07029958110807381,0.08907363522911635,0.10277727141821116,False,0.4517007753409739,False,39,0.04755026433399829,0.16340740753982397,0.18854700869979688,False,0.828654320578011,False,39.0,-0.022749316774075524,0,False,False,False,False,False,False,False,False,False
g_asymmetry_index,Asymmetry index,Oscillation Shape,42,0.02010529271403529,0.2608962052851241,0.2795316485197758,False,1.0,False,40,0.0325278507675861,0.22687255022862762,0.2552316190072061,False,1.0,False,41.0,0.012422558053550813,-2,False,False,False,False,False,False,False,False,False
e_hurst_exponent,Hurst exponent,Complexity & Autocorrelation,40,0.035206168859729596,0.19021376723543224,0.21399048813986127,False,0.9404770925961907,False,43,0.023410995476364046,0.2742290819707439,0.286983922992639,False,1.0,False,41.5,-0.01179517338336555,3,False,False,False,False,False,False,False,False,False
f_early_mean,Early mean,Early vs. Late Behavior,41,0.03079352425039323,0.20877844542344415,0.22914707424524358,False,1.0,False,42,0.024147724628770025,0.2701388929648205,0.286983922992639,False,1.0,False,41.5,-0.006645799621623205,1,False,False,False,False,False,False,False,False,False
f_late_autocorr,Late autocorrelation,Early vs. Late Behavior,45,0.0,0.650812658271577,0.6656038550504765,False,1.0,False,38,0.049419287048654975,0.15667436569747517,0.18553543306279954,False,0.8154186019073493,False,41.5,0.049419287048654975,-7,False,False,False,False,False,False,False,False,False
a_median,Median,Statistical Summary,43,0.0,0.5455600033137187,0.5709348871887754,False,1.0,False,45,0.0,0.6345244510586013,0.6345244510586013,False,1.0,False,44.0,0.0,2,False,False,False,False,False,False,False,False,False
b_band_power_low,Low-frequency band power,Oscillation,44,0.0,0.7439662450799889,0.7439662450799889,False,1.0,False,44,0.0011246429353798336,0.4203821503794948,0.42993629016084695,False,1.0,False,44.0,0.0011246429353798336,0,False,False,False,False,False,False,False,False,False
